3.0,300.0,3.0,5
3.0,315.0,3.0,5
3.0,390.0,3.0,5
3.0,405.0,3.0,5
3.0,540.0,3.0,5
3.0,630.0,3.0,5
3.0,675.0,3.0,5
3.0,855.0,3.0,5
3.0,990.0,3.0,5
3.0,1005.0,3.0,5
3.0,1035.0,3.0,5
15.0,390.0,3.0,5
15.0,405.0,3.0,5
15.0,630.0,3.0,5
15.0,675.0,3.0,5
15.0,855.0,3.0,5
15.0,945.0,3.0,5
30.0,90.0,3.0,5
30.0,405.0,3.0,5
30.0,450.0,3.0,5
30.0,1005.0,3.0,5
45.0,45.0,3.0,5
45.0,60.0,3.0,5
45.0,75.0,3.0,5
45.0,90.0,3.0,5
60.0,60.0,3.0,5
60.0,75.0,3.0,5
60.0,195.0,3.0,5
60.0,810.0,3.0,5
60.0,825.0,3.0,5
75.0,3.0,3.0,5
75.0,15.0,3.0,5
75.0,30.0,3.0,5
75.0,195.0,3.0,5
75.0,285.0,3.0,5
75.0,330.0,3.0,5
75.0,600.0,3.0,5
75.0,825.0,3.0,5
75.0,975.0,3.0,5
90.0,300.0,3.0,5
90.0,345.0,3.0,5
90.0,540.0,3.0,5
90.0,765.0,3.0,5
90.0,780.0,3.0,5
90.0,810.0,3.0,5
90.0,825.0,3.0,5
90.0,975.0,3.0,5
105.0,210.0,3.0,5
105.0,540.0,3.0,5
105.0,645.0,3.0,5
105.0,735.0,3.0,5
105.0,810.0,3.0,5
105.0,825.0,3.0,5
120.0,540.0,3.0,5
120.0,555.0,3.0,5
120.0,735.0,3.0,5
120.0,810.0,3.0,5
120.0,825.0,3.0,5
120.0,900.0,3.0,5
135.0,390.0,3.0,5
135.0,405.0,3.0,5
135.0,465.0,3.0,5
135.0,735.0,3.0,5
135.0,750.0,3.0,5
135.0,810.0,3.0,5
135.0,825.0,3.0,5
135.0,900.0,3.0,5
135.0,930.0,3.0,5
135.0,945.0,3.0,5
135.0,1020.0,3.0,5
150.0,345.0,3.0,5
150.0,390.0,3.0,5
150.0,405.0,3.0,5
150.0,720.0,3.0,5
150.0,735.0,3.0,5
150.0,810.0,3.0,5
150.0,825.0,3.0,5
150.0,885.0,3.0,5
150.0,915.0,3.0,5
150.0,1005.0,3.0,5
150.0,1020.0,3.0,5
165.0,300.0,3.0,5
165.0,360.0,3.0,5
165.0,375.0,3.0,5
165.0,390.0,3.0,5
165.0,420.0,3.0,5
165.0,555.0,3.0,5
165.0,570.0,3.0,5
165.0,660.0,3.0,5
165.0,720.0,3.0,5
165.0,735.0,3.0,5
165.0,750.0,3.0,5
165.0,795.0,3.0,5
165.0,810.0,3.0,5
165.0,885.0,3.0,5
165.0,990.0,3.0,5
165.0,1005.0,3.0,5
180.0,180.0,3.0,5
180.0,195.0,3.0,5
180.0,315.0,3.0,5
180.0,375.0,3.0,5
180.0,390.0,3.0,5
180.0,525.0,3.0,5
180.0,540.0,3.0,5
180.0,555.0,3.0,5
180.0,645.0,3.0,5
180.0,705.0,3.0,5
180.0,720.0,3.0,5
180.0,735.0,3.0,5
180.0,795.0,3.0,5
180.0,810.0,3.0,5
180.0,825.0,3.0,5
180.0,990.0,3.0,5
180.0,1005.0,3.0,5
195.0,375.0,3.0,5
195.0,495.0,3.0,5
195.0,525.0,3.0,5
195.0,555.0,3.0,5
195.0,570.0,3.0,5
195.0,585.0,3.0,5
195.0,705.0,3.0,5
195.0,720.0,3.0,5
195.0,795.0,3.0,5
195.0,810.0,3.0,5
195.0,825.0,3.0,5
210.0,300.0,3.0,5
210.0,330.0,3.0,5
210.0,345.0,3.0,5
210.0,495.0,3.0,5
210.0,510.0,3.0,5
210.0,705.0,3.0,5
210.0,795.0,3.0,5
210.0,810.0,3.0,5
210.0,870.0,3.0,5
210.0,900.0,3.0,5
210.0,915.0,3.0,5
210.0,945.0,3.0,5
210.0,960.0,3.0,5
210.0,975.0,3.0,5
225.0,165.0,3.0,5
225.0,255.0,3.0,5
225.0,270.0,3.0,5
225.0,300.0,3.0,5
225.0,390.0,3.0,5
225.0,810.0,3.0,5
225.0,870.0,3.0,5
225.0,945.0,3.0,5
225.0,1020.0,3.0,5
240.0,150.0,3.0,5
240.0,165.0,3.0,5
240.0,270.0,3.0,5
240.0,285.0,3.0,5
240.0,300.0,3.0,5
240.0,315.0,3.0,5
240.0,390.0,3.0,5
240.0,480.0,3.0,5
240.0,540.0,3.0,5
240.0,555.0,3.0,5
240.0,645.0,3.0,5
240.0,675.0,3.0,5
240.0,690.0,3.0,5
255.0,135.0,3.0,5
255.0,150.0,3.0,5
255.0,285.0,3.0,5
255.0,300.0,3.0,5
255.0,315.0,3.0,5
255.0,330.0,3.0,5
255.0,390.0,3.0,5
255.0,465.0,3.0,5
255.0,480.0,3.0,5
255.0,555.0,3.0,5
255.0,630.0,3.0,5
255.0,675.0,3.0,5
255.0,795.0,3.0,5
255.0,900.0,3.0,5
255.0,915.0,3.0,5
270.0,300.0,3.0,5
270.0,315.0,3.0,5
270.0,390.0,3.0,5
270.0,405.0,3.0,5
270.0,465.0,3.0,5
270.0,555.0,3.0,5
270.0,630.0,3.0,5
270.0,660.0,3.0,5
270.0,795.0,3.0,5
285.0,300.0,3.0,5
285.0,315.0,3.0,5
285.0,345.0,3.0,5
285.0,390.0,3.0,5
285.0,405.0,3.0,5
285.0,465.0,3.0,5
285.0,555.0,3.0,5
285.0,660.0,3.0,5
285.0,780.0,3.0,5
285.0,795.0,3.0,5
285.0,810.0,3.0,5
300.0,300.0,3.0,5
300.0,315.0,3.0,5
300.0,345.0,3.0,5
300.0,360.0,3.0,5
300.0,465.0,3.0,5
300.0,480.0,3.0,5
300.0,540.0,3.0,5
300.0,600.0,3.0,5
300.0,645.0,3.0,5
300.0,660.0,3.0,5
300.0,765.0,3.0,5
300.0,780.0,3.0,5
300.0,795.0,3.0,5
300.0,810.0,3.0,5
300.0,960.0,3.0,5
315.0,300.0,3.0,5
315.0,360.0,3.0,5
315.0,375.0,3.0,5
315.0,465.0,3.0,5
315.0,480.0,3.0,5
315.0,540.0,3.0,5
315.0,585.0,3.0,5
315.0,600.0,3.0,5
315.0,645.0,3.0,5
315.0,765.0,3.0,5
315.0,780.0,3.0,5
330.0,30.0,3.0,5
330.0,300.0,3.0,5
330.0,375.0,3.0,5
330.0,390.0,3.0,5
330.0,480.0,3.0,5
330.0,585.0,3.0,5
330.0,750.0,3.0,5
330.0,765.0,3.0,5
330.0,825.0,3.0,5
330.0,945.0,3.0,5
330.0,960.0,3.0,5
345.0,3.0,3.0,5
345.0,15.0,3.0,5
345.0,225.0,3.0,5
345.0,300.0,3.0,5
345.0,315.0,3.0,5
345.0,360.0,3.0,5
345.0,390.0,3.0,5
345.0,525.0,3.0,5
345.0,585.0,3.0,5
345.0,750.0,3.0,5
345.0,765.0,3.0,5
345.0,825.0,3.0,5
345.0,945.0,3.0,5
345.0,960.0,3.0,5
345.0,1035.0,3.0,5
360.0,120.0,3.0,5
360.0,135.0,3.0,5
360.0,225.0,3.0,5
360.0,240.0,3.0,5
360.0,300.0,3.0,5
360.0,315.0,3.0,5
360.0,330.0,3.0,5
360.0,405.0,3.0,5
360.0,465.0,3.0,5
360.0,525.0,3.0,5
360.0,570.0,3.0,5
360.0,585.0,3.0,5
360.0,600.0,3.0,5
360.0,645.0,3.0,5
360.0,735.0,3.0,5
360.0,750.0,3.0,5
360.0,930.0,3.0,5
360.0,945.0,3.0,5
360.0,1020.0,3.0,5
360.0,1035.0,3.0,5
375.0,15.0,3.0,5
375.0,90.0,3.0,5
375.0,105.0,3.0,5
375.0,120.0,3.0,5
375.0,135.0,3.0,5
375.0,150.0,3.0,5
375.0,240.0,3.0,5
375.0,255.0,3.0,5
375.0,270.0,3.0,5
375.0,285.0,3.0,5
375.0,300.0,3.0,5
375.0,375.0,3.0,5
375.0,405.0,3.0,5
375.0,420.0,3.0,5
375.0,465.0,3.0,5
375.0,480.0,3.0,5
375.0,570.0,3.0,5
375.0,585.0,3.0,5
375.0,600.0,3.0,5
375.0,615.0,3.0,5
375.0,735.0,3.0,5
375.0,750.0,3.0,5
375.0,795.0,3.0,5
375.0,810.0,3.0,5
375.0,915.0,3.0,5
375.0,930.0,3.0,5
375.0,945.0,3.0,5
375.0,1020.0,3.0,5
390.0,3.0,3.0,5
390.0,15.0,3.0,5
390.0,30.0,3.0,5
390.0,60.0,3.0,5
390.0,75.0,3.0,5
390.0,90.0,3.0,5
390.0,105.0,3.0,5
390.0,120.0,3.0,5
390.0,150.0,3.0,5
390.0,240.0,3.0,5
390.0,255.0,3.0,5
390.0,270.0,3.0,5
390.0,420.0,3.0,5
390.0,480.0,3.0,5
390.0,495.0,3.0,5
390.0,570.0,3.0,5
390.0,585.0,3.0,5
390.0,600.0,3.0,5
390.0,615.0,3.0,5
390.0,705.0,3.0,5
390.0,795.0,3.0,5
390.0,810.0,3.0,5
390.0,915.0,3.0,5
390.0,930.0,3.0,5
405.0,3.0,3.0,5
405.0,15.0,3.0,5
405.0,30.0,3.0,5
405.0,45.0,3.0,5
405.0,60.0,3.0,5
405.0,75.0,3.0,5
405.0,90.0,3.0,5
405.0,105.0,3.0,5
405.0,120.0,3.0,5
405.0,135.0,3.0,5
405.0,150.0,3.0,5
405.0,165.0,3.0,5
405.0,435.0,3.0,5
405.0,585.0,3.0,5
405.0,600.0,3.0,5
405.0,735.0,3.0,5
405.0,780.0,3.0,5
405.0,930.0,3.0,5
405.0,1020.0,3.0,5
405.0,1035.0,3.0,5
420.0,3.0,3.0,5
420.0,15.0,3.0,5
420.0,30.0,3.0,5
420.0,45.0,3.0,5
420.0,60.0,3.0,5
420.0,75.0,3.0,5
420.0,90.0,3.0,5
420.0,105.0,3.0,5
420.0,120.0,3.0,5
420.0,135.0,3.0,5
420.0,150.0,3.0,5
420.0,240.0,3.0,5
420.0,255.0,3.0,5
420.0,450.0,3.0,5
420.0,465.0,3.0,5
420.0,585.0,3.0,5
420.0,600.0,3.0,5
420.0,735.0,3.0,5
420.0,780.0,3.0,5
420.0,840.0,3.0,5
420.0,915.0,3.0,5
420.0,975.0,3.0,5
420.0,990.0,3.0,5
420.0,1005.0,3.0,5
420.0,1020.0,3.0,5
420.0,1035.0,3.0,5
435.0,3.0,3.0,5
435.0,15.0,3.0,5
435.0,30.0,3.0,5
435.0,45.0,3.0,5
435.0,60.0,3.0,5
435.0,75.0,3.0,5
435.0,90.0,3.0,5
435.0,105.0,3.0,5
435.0,120.0,3.0,5
435.0,135.0,3.0,5
435.0,150.0,3.0,5
435.0,225.0,3.0,5
435.0,240.0,3.0,5
435.0,450.0,3.0,5
435.0,465.0,3.0,5
435.0,480.0,3.0,5
435.0,735.0,3.0,5
435.0,780.0,3.0,5
435.0,795.0,3.0,5
435.0,840.0,3.0,5
435.0,855.0,3.0,5
435.0,990.0,3.0,5
435.0,1005.0,3.0,5
450.0,3.0,3.0,5
450.0,15.0,3.0,5
450.0,30.0,3.0,5
450.0,45.0,3.0,5
450.0,60.0,3.0,5
450.0,75.0,3.0,5
450.0,90.0,3.0,5
450.0,105.0,3.0,5
450.0,120.0,3.0,5
450.0,300.0,3.0,5
450.0,315.0,3.0,5
450.0,330.0,3.0,5
450.0,345.0,3.0,5
450.0,360.0,3.0,5
450.0,375.0,3.0,5
450.0,465.0,3.0,5
450.0,675.0,3.0,5
450.0,690.0,3.0,5
450.0,735.0,3.0,5
450.0,780.0,3.0,5
450.0,840.0,3.0,5
450.0,855.0,3.0,5
450.0,870.0,3.0,5
450.0,930.0,3.0,5
450.0,990.0,3.0,5
450.0,1005.0,3.0,5
450.0,1020.0,3.0,5
450.0,1035.0,3.0,5
465.0,3.0,3.0,5
465.0,45.0,3.0,5
465.0,60.0,3.0,5
465.0,75.0,3.0,5
465.0,90.0,3.0,5
465.0,105.0,3.0,5
465.0,120.0,3.0,5
465.0,165.0,3.0,5
465.0,315.0,3.0,5
465.0,330.0,3.0,5
465.0,345.0,3.0,5
465.0,360.0,3.0,5
465.0,600.0,3.0,5
465.0,630.0,3.0,5
465.0,735.0,3.0,5
465.0,765.0,3.0,5
465.0,780.0,3.0,5
465.0,870.0,3.0,5
465.0,930.0,3.0,5
465.0,1005.0,3.0,5
465.0,1020.0,3.0,5
480.0,3.0,3.0,5
480.0,15.0,3.0,5
480.0,45.0,3.0,5
480.0,60.0,3.0,5
480.0,75.0,3.0,5
480.0,90.0,3.0,5
480.0,105.0,3.0,5
480.0,120.0,3.0,5
480.0,150.0,3.0,5
480.0,600.0,3.0,5
480.0,615.0,3.0,5
480.0,630.0,3.0,5
480.0,735.0,3.0,5
480.0,750.0,3.0,5
480.0,765.0,3.0,5
480.0,780.0,3.0,5
480.0,840.0,3.0,5
480.0,855.0,3.0,5
495.0,3.0,3.0,5
495.0,15.0,3.0,5
495.0,30.0,3.0,5
495.0,60.0,3.0,5
495.0,75.0,3.0,5
495.0,90.0,3.0,5
495.0,105.0,3.0,5
495.0,120.0,3.0,5
495.0,150.0,3.0,5
495.0,615.0,3.0,5
495.0,750.0,3.0,5
495.0,765.0,3.0,5
495.0,840.0,3.0,5
495.0,900.0,3.0,5
495.0,915.0,3.0,5
510.0,45.0,3.0,5
510.0,60.0,3.0,5
510.0,75.0,3.0,5
510.0,90.0,3.0,5
510.0,105.0,3.0,5
510.0,120.0,3.0,5
510.0,150.0,3.0,5
510.0,330.0,3.0,5
510.0,765.0,3.0,5
510.0,825.0,3.0,5
510.0,885.0,3.0,5
510.0,900.0,3.0,5
525.0,60.0,3.0,5
525.0,75.0,3.0,5
525.0,90.0,3.0,5
525.0,240.0,3.0,5
525.0,330.0,3.0,5
525.0,750.0,3.0,5
525.0,765.0,3.0,5
525.0,810.0,3.0,5
525.0,825.0,3.0,5
525.0,900.0,3.0,5
540.0,60.0,3.0,5
540.0,315.0,3.0,5
540.0,330.0,3.0,5
540.0,570.0,3.0,5
540.0,585.0,3.0,5
540.0,675.0,3.0,5
540.0,750.0,3.0,5
540.0,810.0,3.0,5
540.0,825.0,3.0,5
540.0,840.0,3.0,5
555.0,15.0,3.0,5
555.0,45.0,3.0,5
555.0,60.0,3.0,5
555.0,165.0,3.0,5
555.0,225.0,3.0,5
555.0,315.0,3.0,5
555.0,330.0,3.0,5
555.0,420.0,3.0,5
555.0,435.0,3.0,5
555.0,675.0,3.0,5
555.0,735.0,3.0,5
555.0,810.0,3.0,5
555.0,825.0,3.0,5
555.0,840.0,3.0,5
570.0,3.0,3.0,5
570.0,15.0,3.0,5
570.0,30.0,3.0,5
570.0,45.0,3.0,5
570.0,165.0,3.0,5
570.0,315.0,3.0,5
570.0,420.0,3.0,5
570.0,525.0,3.0,5
570.0,540.0,3.0,5
570.0,660.0,3.0,5
570.0,810.0,3.0,5
570.0,825.0,3.0,5
570.0,915.0,3.0,5
585.0,3.0,3.0,5
585.0,15.0,3.0,5
585.0,165.0,3.0,5
585.0,660.0,3.0,5
585.0,720.0,3.0,5
585.0,810.0,3.0,5
585.0,915.0,3.0,5
585.0,975.0,3.0,5
600.0,3.0,3.0,5
600.0,435.0,3.0,5
600.0,660.0,3.0,5
600.0,720.0,3.0,5
600.0,810.0,3.0,5
600.0,915.0,3.0,5
600.0,945.0,3.0,5
615.0,3.0,3.0,5
615.0,645.0,3.0,5
615.0,720.0,3.0,5
615.0,810.0,3.0,5
615.0,900.0,3.0,5
615.0,915.0,3.0,5
630.0,3.0,3.0,5
630.0,630.0,3.0,5
630.0,735.0,3.0,5
630.0,900.0,3.0,5
630.0,915.0,3.0,5
645.0,3.0,3.0,5
645.0,435.0,3.0,5
645.0,450.0,3.0,5
645.0,675.0,3.0,5
645.0,690.0,3.0,5
645.0,735.0,3.0,5
645.0,900.0,3.0,5
645.0,1005.0,3.0,5
660.0,3.0,3.0,5
660.0,15.0,3.0,5
660.0,315.0,3.0,5
660.0,435.0,3.0,5
660.0,450.0,3.0,5
660.0,870.0,3.0,5
660.0,990.0,3.0,5
660.0,1005.0,3.0,5
675.0,3.0,3.0,5
675.0,285.0,3.0,5
675.0,300.0,3.0,5
675.0,315.0,3.0,5
675.0,450.0,3.0,5
675.0,510.0,3.0,5
675.0,870.0,3.0,5
675.0,900.0,3.0,5
690.0,300.0,3.0,5
690.0,510.0,3.0,5
690.0,525.0,3.0,5
690.0,540.0,3.0,5
690.0,885.0,3.0,5
690.0,900.0,3.0,5
690.0,915.0,3.0,5
705.0,45.0,3.0,5
705.0,60.0,3.0,5
705.0,525.0,3.0,5
705.0,900.0,3.0,5
705.0,915.0,3.0,5
720.0,3.0,3.0,5
720.0,15.0,3.0,5
720.0,30.0,3.0,5
720.0,180.0,3.0,5
720.0,195.0,3.0,5
720.0,510.0,3.0,5
720.0,525.0,3.0,5
720.0,660.0,3.0,5
720.0,780.0,3.0,5
720.0,900.0,3.0,5
720.0,915.0,3.0,5
735.0,15.0,3.0,5
735.0,30.0,3.0,5
735.0,495.0,3.0,5
735.0,510.0,3.0,5
750.0,3.0,3.0,5
750.0,15.0,3.0,5
750.0,105.0,3.0,5
750.0,120.0,3.0,5
750.0,435.0,3.0,5
765.0,3.0,3.0,5
765.0,15.0,3.0,5
765.0,90.0,3.0,5
765.0,105.0,3.0,5
765.0,120.0,3.0,5
765.0,450.0,3.0,5
765.0,675.0,3.0,5
765.0,945.0,3.0,5
780.0,3.0,3.0,5
780.0,15.0,3.0,5
780.0,660.0,3.0,5
795.0,3.0,3.0,5
795.0,15.0,3.0,5
795.0,30.0,3.0,5
795.0,45.0,3.0,5
795.0,510.0,3.0,5
795.0,645.0,3.0,5
795.0,660.0,3.0,5
795.0,840.0,3.0,5
810.0,510.0,3.0,5
810.0,630.0,3.0,5
810.0,660.0,3.0,5
825.0,210.0,3.0,5
825.0,615.0,3.0,5
825.0,630.0,3.0,5
825.0,645.0,3.0,5
825.0,660.0,3.0,5
840.0,285.0,3.0,5
840.0,645.0,3.0,5
840.0,660.0,3.0,5
840.0,675.0,3.0,5
840.0,990.0,3.0,5
840.0,1005.0,3.0,5
855.0,135.0,3.0,5
855.0,300.0,3.0,5
855.0,555.0,3.0,5
855.0,660.0,3.0,5
855.0,675.0,3.0,5
855.0,690.0,3.0,5
855.0,750.0,3.0,5
855.0,990.0,3.0,5
855.0,1005.0,3.0,5
870.0,540.0,3.0,5
870.0,675.0,3.0,5
870.0,690.0,3.0,5
885.0,165.0,3.0,5
885.0,180.0,3.0,5
885.0,525.0,3.0,5
885.0,540.0,3.0,5
900.0,150.0,3.0,5
900.0,165.0,3.0,5
900.0,525.0,3.0,5
900.0,540.0,3.0,5
900.0,555.0,3.0,5
900.0,570.0,3.0,5
900.0,765.0,3.0,5
900.0,780.0,3.0,5
900.0,795.0,3.0,5
915.0,135.0,3.0,5
915.0,150.0,3.0,5
915.0,165.0,3.0,5
915.0,180.0,3.0,5
915.0,195.0,3.0,5
915.0,375.0,3.0,5
915.0,510.0,3.0,5
915.0,525.0,3.0,5
915.0,540.0,3.0,5
930.0,120.0,3.0,5
930.0,135.0,3.0,5
930.0,150.0,3.0,5
930.0,165.0,3.0,5
930.0,180.0,3.0,5
930.0,195.0,3.0,5
930.0,210.0,3.0,5
930.0,375.0,3.0,5
930.0,525.0,3.0,5
930.0,570.0,3.0,5
930.0,585.0,3.0,5
930.0,675.0,3.0,5
930.0,705.0,3.0,5
930.0,780.0,3.0,5
945.0,120.0,3.0,5
945.0,135.0,3.0,5
945.0,150.0,3.0,5
945.0,165.0,3.0,5
945.0,180.0,3.0,5
945.0,195.0,3.0,5
945.0,435.0,3.0,5
945.0,570.0,3.0,5
945.0,660.0,3.0,5
945.0,675.0,3.0,5
945.0,690.0,3.0,5
945.0,705.0,3.0,5
945.0,720.0,3.0,5
945.0,780.0,3.0,5
945.0,825.0,3.0,5
960.0,105.0,3.0,5
960.0,120.0,3.0,5
960.0,135.0,3.0,5
960.0,150.0,3.0,5
960.0,435.0,3.0,5
960.0,450.0,3.0,5
960.0,540.0,3.0,5
960.0,660.0,3.0,5
960.0,705.0,3.0,5
960.0,870.0,3.0,5
960.0,885.0,3.0,5
960.0,900.0,3.0,5
960.0,960.0,3.0,5
975.0,75.0,3.0,5
975.0,90.0,3.0,5
975.0,105.0,3.0,5
975.0,120.0,3.0,5
975.0,375.0,3.0,5
975.0,435.0,3.0,5
975.0,450.0,3.0,5
975.0,555.0,3.0,5
975.0,645.0,3.0,5
975.0,660.0,3.0,5
975.0,705.0,3.0,5
975.0,825.0,3.0,5
975.0,885.0,3.0,5
975.0,900.0,3.0,5
975.0,915.0,3.0,5
975.0,930.0,3.0,5
975.0,960.0,3.0,5
975.0,975.0,3.0,5
990.0,75.0,3.0,5
990.0,90.0,3.0,5
990.0,105.0,3.0,5
990.0,360.0,3.0,5
990.0,375.0,3.0,5
990.0,555.0,3.0,5
990.0,645.0,3.0,5
990.0,660.0,3.0,5
990.0,705.0,3.0,5
990.0,825.0,3.0,5
990.0,900.0,3.0,5
990.0,915.0,3.0,5
990.0,930.0,3.0,5
1005.0,195.0,3.0,5
1005.0,360.0,3.0,5
1005.0,375.0,3.0,5
1005.0,390.0,3.0,5
1005.0,540.0,3.0,5
1005.0,600.0,3.0,5
1005.0,630.0,3.0,5
1005.0,645.0,3.0,5
1005.0,660.0,3.0,5
1005.0,675.0,3.0,5
1005.0,690.0,3.0,5
1005.0,705.0,3.0,5
1005.0,900.0,3.0,5
1005.0,915.0,3.0,5
1005.0,930.0,3.0,5
1005.0,945.0,3.0,5
1005.0,960.0,3.0,5
1005.0,975.0,3.0,5
1020.0,225.0,3.0,5
1020.0,240.0,3.0,5
1020.0,255.0,3.0,5
1020.0,630.0,3.0,5
1020.0,645.0,3.0,5
1020.0,660.0,3.0,5
1020.0,675.0,3.0,5
1020.0,900.0,3.0,5
1020.0,960.0,3.0,5
1020.0,975.0,3.0,5
1035.0,210.0,3.0,5
1035.0,240.0,3.0,5
1035.0,255.0,3.0,5
1035.0,270.0,3.0,5
1035.0,615.0,3.0,5
1035.0,630.0,3.0,5
1035.0,645.0,3.0,5
1035.0,660.0,3.0,5
1035.0,900.0,3.0,5
1035.0,960.0,3.0,5
3.0,3.0,3.0,3
3.0,15.0,3.0,3
3.0,30.0,3.0,3
15.0,3.0,3.0,3
15.0,15.0,3.0,3
15.0,30.0,3.0,3
3.0,495.0,3.0,3
3.0,510.0,3.0,3
3.0,525.0,3.0,3
15.0,495.0,3.0,3
15.0,510.0,3.0,3
15.0,525.0,3.0,3
495.0,495.0,3.0,3
495.0,510.0,3.0,3
495.0,525.0,3.0,3
510.0,495.0,3.0,3
510.0,510.0,3.0,3
510.0,525.0,3.0,3
495.0,990.0,3.0,3
495.0,1005.0,3.0,3
495.0,1020.0,3.0,3
510.0,990.0,3.0,3
510.0,1005.0,3.0,3
510.0,1020.0,3.0,3
990.0,3.0,3.0,3
990.0,15.0,3.0,3
990.0,30.0,3.0,3
1005.0,3.0,3.0,3
1005.0,15.0,3.0,3
1005.0,30.0,3.0,3
990.0,495.0,3.0,3
990.0,510.0,3.0,3
990.0,525.0,3.0,3
1005.0,495.0,3.0,3
1005.0,510.0,3.0,3
1005.0,525.0,3.0,3
990.0,990.0,3.0,3
990.0,1005.0,3.0,3
990.0,1020.0,3.0,3
1005.0,990.0,3.0,3
1005.0,1005.0,3.0,3
1005.0,1020.0,3.0,3
3.0,210.0,3.0,3
15.0,210.0,3.0,3
30.0,210.0,3.0,3
3.0,225.0,3.0,3
15.0,225.0,3.0,3
30.0,225.0,3.0,3
3.0,420.0,3.0,3
15.0,420.0,3.0,3
30.0,420.0,3.0,3
3.0,435.0,3.0,3
15.0,435.0,3.0,3
30.0,435.0,3.0,3
180.0,3.0,3.0,3
195.0,3.0,3.0,3
210.0,3.0,3.0,3
180.0,15.0,3.0,3
195.0,15.0,3.0,3
210.0,15.0,3.0,3
180.0,210.0,3.0,3
195.0,210.0,3.0,3
210.0,210.0,3.0,3
180.0,225.0,3.0,3
195.0,225.0,3.0,3
210.0,225.0,3.0,3
180.0,420.0,3.0,3
195.0,420.0,3.0,3
210.0,420.0,3.0,3
180.0,435.0,3.0,3
195.0,435.0,3.0,3
210.0,435.0,3.0,3
180.0,840.0,3.0,3
195.0,840.0,3.0,3
210.0,840.0,3.0,3
180.0,855.0,3.0,3
195.0,855.0,3.0,3
210.0,855.0,3.0,3
360.0,840.0,3.0,3
375.0,840.0,3.0,3
390.0,840.0,3.0,3
360.0,855.0,3.0,3
375.0,855.0,3.0,3
390.0,855.0,3.0,3
540.0,630.0,3.0,3
555.0,630.0,3.0,3
570.0,630.0,3.0,3
540.0,645.0,3.0,3
555.0,645.0,3.0,3
570.0,645.0,3.0,3
720.0,210.0,3.0,3
735.0,210.0,3.0,3
750.0,210.0,3.0,3
720.0,225.0,3.0,3
735.0,225.0,3.0,3
750.0,225.0,3.0,3
720.0,630.0,3.0,3
735.0,630.0,3.0,3
750.0,630.0,3.0,3
720.0,645.0,3.0,3
735.0,645.0,3.0,3
750.0,645.0,3.0,3
720.0,840.0,3.0,3
735.0,840.0,3.0,3
750.0,840.0,3.0,3
720.0,855.0,3.0,3
735.0,855.0,3.0,3
750.0,855.0,3.0,3
900.0,3.0,3.0,3
915.0,3.0,3.0,3
930.0,3.0,3.0,3
900.0,15.0,3.0,3
915.0,15.0,3.0,3
930.0,15.0,3.0,3
900.0,420.0,3.0,3
915.0,420.0,3.0,3
930.0,420.0,3.0,3
900.0,435.0,3.0,3
915.0,435.0,3.0,3
930.0,435.0,3.0,3
900.0,630.0,3.0,3
915.0,630.0,3.0,3
930.0,630.0,3.0,3
900.0,645.0,3.0,3
915.0,645.0,3.0,3
930.0,645.0,3.0,3
900.0,840.0,3.0,3
915.0,840.0,3.0,3
930.0,840.0,3.0,3
900.0,855.0,3.0,3
915.0,855.0,3.0,3
930.0,855.0,3.0,3
3.0,840.0,3.0,2
165.0,3.0,3.0,2
165.0,210.0,3.0,2
165.0,630.0,3.0,2
165.0,840.0,3.0,2
330.0,3.0,3.0,2
330.0,210.0,3.0,2
330.0,420.0,3.0,2
330.0,630.0,3.0,2
330.0,840.0,3.0,2
495.0,210.0,3.0,2
495.0,420.0,3.0,2
495.0,630.0,3.0,2
660.0,210.0,3.0,2
660.0,420.0,3.0,2
660.0,630.0,3.0,2
660.0,840.0,3.0,2
825.0,3.0,3.0,2
825.0,420.0,3.0,2
825.0,840.0,3.0,2
990.0,210.0,3.0,2
990.0,420.0,3.0,2
990.0,630.0,3.0,2
990.0,840.0,3.0,2
15.0,90.0,3.0,4
15.0,300.0,3.0,4
15.0,315.0,3.0,4
15.0,375.0,3.0,4
15.0,540.0,3.0,4
15.0,615.0,3.0,4
15.0,645.0,3.0,4
15.0,690.0,3.0,4
15.0,870.0,3.0,4
15.0,930.0,3.0,4
15.0,960.0,3.0,4
15.0,990.0,3.0,4
15.0,1005.0,3.0,4
30.0,45.0,3.0,4
30.0,75.0,3.0,4
30.0,105.0,3.0,4
30.0,390.0,3.0,4
30.0,465.0,3.0,4
30.0,630.0,3.0,4
30.0,675.0,3.0,4
30.0,855.0,3.0,4
30.0,945.0,3.0,4
30.0,1020.0,3.0,4
45.0,30.0,3.0,4
45.0,195.0,3.0,4
45.0,405.0,3.0,4
45.0,450.0,3.0,4
45.0,810.0,3.0,4
45.0,1005.0,3.0,4
60.0,15.0,3.0,4
60.0,45.0,3.0,4
60.0,90.0,3.0,4
60.0,180.0,3.0,4
60.0,210.0,3.0,4
60.0,285.0,3.0,4
60.0,330.0,3.0,4
60.0,600.0,3.0,4
60.0,795.0,3.0,4
60.0,840.0,3.0,4
60.0,975.0,3.0,4
75.0,60.0,3.0,4
75.0,75.0,3.0,4
75.0,270.0,3.0,4
75.0,300.0,3.0,4
75.0,345.0,3.0,4
75.0,540.0,3.0,4
75.0,585.0,3.0,4
75.0,615.0,3.0,4
75.0,765.0,3.0,4
75.0,810.0,3.0,4
75.0,960.0,3.0,4
75.0,990.0,3.0,4
90.0,15.0,3.0,4
90.0,30.0,3.0,4
90.0,195.0,3.0,4
90.0,285.0,3.0,4
90.0,315.0,3.0,4
90.0,330.0,3.0,4
90.0,360.0,3.0,4
90.0,525.0,3.0,4
90.0,555.0,3.0,4
90.0,600.0,3.0,4
90.0,645.0,3.0,4
90.0,735.0,3.0,4
90.0,795.0,3.0,4
90.0,840.0,3.0,4
105.0,225.0,3.0,4
105.0,300.0,3.0,4
105.0,345.0,3.0,4
105.0,630.0,3.0,4
105.0,660.0,3.0,4
105.0,720.0,3.0,4
105.0,750.0,3.0,4
105.0,765.0,3.0,4
105.0,780.0,3.0,4
105.0,900.0,3.0,4
105.0,975.0,3.0,4
120.0,210.0,3.0,4
120.0,390.0,3.0,4
120.0,465.0,3.0,4
120.0,525.0,3.0,4
120.0,570.0,3.0,4
120.0,645.0,3.0,4
120.0,795.0,3.0,4
120.0,840.0,3.0,4
120.0,885.0,3.0,4
120.0,915.0,3.0,4
120.0,945.0,3.0,4
120.0,1020.0,3.0,4
135.0,345.0,3.0,4
135.0,375.0,3.0,4
135.0,420.0,3.0,4
135.0,450.0,3.0,4
135.0,480.0,3.0,4
135.0,540.0,3.0,4
135.0,555.0,3.0,4
135.0,720.0,3.0,4
135.0,765.0,3.0,4
135.0,960.0,3.0,4
135.0,1005.0,3.0,4
150.0,300.0,3.0,4
150.0,330.0,3.0,4
150.0,360.0,3.0,4
150.0,465.0,3.0,4
150.0,570.0,3.0,4
150.0,660.0,3.0,4
150.0,705.0,3.0,4
150.0,750.0,3.0,4
150.0,795.0,3.0,4
150.0,840.0,3.0,4
150.0,870.0,3.0,4
150.0,900.0,3.0,4
150.0,930.0,3.0,4
150.0,945.0,3.0,4
150.0,990.0,3.0,4
165.0,180.0,3.0,4
165.0,285.0,3.0,4
165.0,315.0,3.0,4
165.0,345.0,3.0,4
165.0,405.0,3.0,4
165.0,435.0,3.0,4
165.0,525.0,3.0,4
165.0,585.0,3.0,4
165.0,675.0,3.0,4
165.0,765.0,3.0,4
165.0,825.0,3.0,4
165.0,915.0,3.0,4
165.0,975.0,3.0,4
165.0,1020.0,3.0,4
180.0,165.0,3.0,4
180.0,300.0,3.0,4
180.0,330.0,3.0,4
180.0,360.0,3.0,4
180.0,495.0,3.0,4
180.0,570.0,3.0,4
180.0,660.0,3.0,4
180.0,690.0,3.0,4
180.0,750.0,3.0,4
180.0,780.0,3.0,4
180.0,885.0,3.0,4
195.0,180.0,3.0,4
195.0,195.0,3.0,4
195.0,315.0,3.0,4
195.0,345.0,3.0,4
195.0,390.0,3.0,4
195.0,480.0,3.0,4
195.0,510.0,3.0,4
195.0,540.0,3.0,4
195.0,600.0,3.0,4
195.0,645.0,3.0,4
195.0,735.0,3.0,4
195.0,900.0,3.0,4
195.0,945.0,3.0,4
195.0,975.0,3.0,4
195.0,990.0,3.0,4
195.0,1005.0,3.0,4
210.0,165.0,3.0,4
210.0,255.0,3.0,4
210.0,285.0,3.0,4
210.0,360.0,3.0,4
210.0,375.0,3.0,4
210.0,525.0,3.0,4
210.0,555.0,3.0,4
210.0,570.0,3.0,4
210.0,585.0,3.0,4
210.0,690.0,3.0,4
210.0,720.0,3.0,4
210.0,780.0,3.0,4
210.0,825.0,3.0,4
210.0,885.0,3.0,4
210.0,930.0,3.0,4
210.0,1020.0,3.0,4
225.0,150.0,3.0,4
225.0,180.0,3.0,4
225.0,240.0,3.0,4
225.0,315.0,3.0,4
225.0,330.0,3.0,4
225.0,345.0,3.0,4
225.0,405.0,3.0,4
225.0,480.0,3.0,4
225.0,495.0,3.0,4
225.0,510.0,3.0,4
225.0,540.0,3.0,4
225.0,645.0,3.0,4
225.0,675.0,3.0,4
225.0,705.0,3.0,4
225.0,795.0,3.0,4
225.0,900.0,3.0,4
225.0,915.0,3.0,4
225.0,960.0,3.0,4
225.0,975.0,3.0,4
225.0,1005.0,3.0,4
240.0,135.0,3.0,4
240.0,255.0,3.0,4
240.0,375.0,3.0,4
240.0,465.0,3.0,4
240.0,525.0,3.0,4
240.0,570.0,3.0,4
240.0,630.0,3.0,4
240.0,660.0,3.0,4
240.0,810.0,3.0,4
240.0,870.0,3.0,4
240.0,945.0,3.0,4
240.0,1020.0,3.0,4
255.0,120.0,3.0,4
255.0,165.0,3.0,4
255.0,270.0,3.0,4
255.0,345.0,3.0,4
255.0,405.0,3.0,4
255.0,450.0,3.0,4
255.0,495.0,3.0,4
255.0,540.0,3.0,4
255.0,615.0,3.0,4
255.0,645.0,3.0,4
255.0,690.0,3.0,4
255.0,780.0,3.0,4
255.0,885.0,3.0,4
255.0,930.0,3.0,4
270.0,135.0,3.0,4
270.0,150.0,3.0,4
270.0,285.0,3.0,4
270.0,330.0,3.0,4
270.0,375.0,3.0,4
270.0,420.0,3.0,4
270.0,480.0,3.0,4
270.0,570.0,3.0,4
270.0,675.0,3.0,4
270.0,810.0,3.0,4
270.0,900.0,3.0,4
270.0,915.0,3.0,4
285.0,360.0,3.0,4
285.0,450.0,3.0,4
285.0,540.0,3.0,4
285.0,600.0,3.0,4
285.0,630.0,3.0,4
285.0,765.0,3.0,4
285.0,825.0,3.0,4
285.0,960.0,3.0,4
300.0,285.0,3.0,4
300.0,330.0,3.0,4
300.0,375.0,3.0,4
300.0,390.0,3.0,4
300.0,405.0,3.0,4
300.0,495.0,3.0,4
300.0,525.0,3.0,4
300.0,555.0,3.0,4
300.0,585.0,3.0,4
300.0,615.0,3.0,4
300.0,675.0,3.0,4
300.0,750.0,3.0,4
300.0,945.0,3.0,4
300.0,975.0,3.0,4
315.0,30.0,3.0,4
315.0,315.0,3.0,4
315.0,345.0,3.0,4
315.0,450.0,3.0,4
315.0,570.0,3.0,4
315.0,660.0,3.0,4
315.0,795.0,3.0,4
315.0,810.0,3.0,4
315.0,960.0,3.0,4
330.0,45.0,3.0,4
330.0,285.0,3.0,4
330.0,360.0,3.0,4
330.0,405.0,3.0,4
330.0,465.0,3.0,4
330.0,495.0,3.0,4
330.0,525.0,3.0,4
330.0,540.0,3.0,4
330.0,600.0,3.0,4
330.0,645.0,3.0,4
330.0,735.0,3.0,4
330.0,780.0,3.0,4
330.0,930.0,3.0,4
330.0,975.0,3.0,4
345.0,30.0,3.0,4
345.0,120.0,3.0,4
345.0,240.0,3.0,4
345.0,330.0,3.0,4
345.0,375.0,3.0,4
345.0,480.0,3.0,4
345.0,510.0,3.0,4
345.0,570.0,3.0,4
345.0,810.0,3.0,4
345.0,1020.0,3.0,4
360.0,15.0,3.0,4
360.0,90.0,3.0,4
360.0,150.0,3.0,4
360.0,210.0,3.0,4
360.0,255.0,3.0,4
360.0,285.0,3.0,4
360.0,345.0,3.0,4
360.0,360.0,3.0,4
360.0,390.0,3.0,4
360.0,420.0,3.0,4
360.0,450.0,3.0,4
360.0,540.0,3.0,4
360.0,615.0,3.0,4
360.0,660.0,3.0,4
360.0,720.0,3.0,4
360.0,765.0,3.0,4
360.0,795.0,3.0,4
360.0,825.0,3.0,4
360.0,915.0,3.0,4
360.0,960.0,3.0,4
360.0,1005.0,3.0,4
375.0,30.0,3.0,4
375.0,60.0,3.0,4
375.0,165.0,3.0,4
375.0,225.0,3.0,4
375.0,315.0,3.0,4
375.0,330.0,3.0,4
375.0,435.0,3.0,4
375.0,495.0,3.0,4
375.0,525.0,3.0,4
375.0,555.0,3.0,4
375.0,630.0,3.0,4
375.0,645.0,3.0,4
375.0,705.0,3.0,4
375.0,780.0,3.0,4
375.0,900.0,3.0,4
390.0,45.0,3.0,4
390.0,135.0,3.0,4
390.0,285.0,3.0,4
390.0,300.0,3.0,4
390.0,375.0,3.0,4
390.0,405.0,3.0,4
390.0,465.0,3.0,4
390.0,510.0,3.0,4
390.0,690.0,3.0,4
390.0,720.0,3.0,4
390.0,735.0,3.0,4
390.0,750.0,3.0,4
390.0,825.0,3.0,4
390.0,945.0,3.0,4
390.0,1020.0,3.0,4
405.0,180.0,3.0,4
405.0,240.0,3.0,4
405.0,255.0,3.0,4
405.0,270.0,3.0,4
405.0,420.0,3.0,4
405.0,450.0,3.0,4
405.0,480.0,3.0,4
405.0,495.0,3.0,4
405.0,570.0,3.0,4
405.0,615.0,3.0,4
405.0,705.0,3.0,4
405.0,765.0,3.0,4
405.0,795.0,3.0,4
405.0,810.0,3.0,4
405.0,915.0,3.0,4
405.0,975.0,3.0,4
405.0,1005.0,3.0,4
420.0,165.0,3.0,4
420.0,225.0,3.0,4
420.0,435.0,3.0,4
420.0,720.0,3.0,4
420.0,750.0,3.0,4
420.0,825.0,3.0,4
420.0,855.0,3.0,4
420.0,900.0,3.0,4
420.0,930.0,3.0,4
420.0,960.0,3.0,4
435.0,210.0,3.0,4
435.0,255.0,3.0,4
435.0,300.0,3.0,4
435.0,330.0,3.0,4
435.0,360.0,3.0,4
435.0,495.0,3.0,4
435.0,585.0,3.0,4
435.0,600.0,3.0,4
435.0,675.0,3.0,4
435.0,765.0,3.0,4
435.0,810.0,3.0,4
435.0,870.0,3.0,4
435.0,915.0,3.0,4
435.0,975.0,3.0,4
435.0,1020.0,3.0,4
450.0,135.0,3.0,4
450.0,150.0,3.0,4
450.0,225.0,3.0,4
450.0,240.0,3.0,4
450.0,285.0,3.0,4
450.0,390.0,3.0,4
450.0,450.0,3.0,4
450.0,480.0,3.0,4
450.0,630.0,3.0,4
450.0,660.0,3.0,4
450.0,705.0,3.0,4
450.0,750.0,3.0,4
450.0,795.0,3.0,4
450.0,825.0,3.0,4
450.0,885.0,3.0,4
450.0,945.0,3.0,4
465.0,15.0,3.0,4
465.0,30.0,3.0,4
465.0,180.0,3.0,4
465.0,300.0,3.0,4
465.0,375.0,3.0,4
465.0,465.0,3.0,4
465.0,585.0,3.0,4
465.0,615.0,3.0,4
465.0,645.0,3.0,4
465.0,675.0,3.0,4
465.0,690.0,3.0,4
465.0,720.0,3.0,4
465.0,840.0,3.0,4
465.0,855.0,3.0,4
465.0,915.0,3.0,4
465.0,990.0,3.0,4
480.0,135.0,3.0,4
480.0,165.0,3.0,4
480.0,315.0,3.0,4
480.0,330.0,3.0,4
480.0,345.0,3.0,4
480.0,360.0,3.0,4
480.0,795.0,3.0,4
480.0,825.0,3.0,4
480.0,870.0,3.0,4
480.0,900.0,3.0,4
480.0,930.0,3.0,4
480.0,1005.0,3.0,4
480.0,1020.0,3.0,4
495.0,45.0,3.0,4
495.0,600.0,3.0,4
495.0,735.0,3.0,4
495.0,780.0,3.0,4
495.0,855.0,3.0,4
495.0,885.0,3.0,4
510.0,15.0,3.0,4
510.0,30.0,3.0,4
510.0,135.0,3.0,4
510.0,165.0,3.0,4
510.0,240.0,3.0,4
510.0,315.0,3.0,4
510.0,345.0,3.0,4
510.0,615.0,3.0,4
510.0,750.0,3.0,4
510.0,810.0,3.0,4
510.0,840.0,3.0,4
510.0,870.0,3.0,4
510.0,915.0,3.0,4
525.0,45.0,3.0,4
525.0,105.0,3.0,4
525.0,120.0,3.0,4
525.0,150.0,3.0,4
525.0,225.0,3.0,4
525.0,255.0,3.0,4
525.0,570.0,3.0,4
525.0,675.0,3.0,4
525.0,735.0,3.0,4
525.0,780.0,3.0,4
525.0,885.0,3.0,4
540.0,15.0,3.0,4
540.0,75.0,3.0,4
540.0,90.0,3.0,4
540.0,165.0,3.0,4
540.0,240.0,3.0,4
540.0,300.0,3.0,4
540.0,345.0,3.0,4
540.0,420.0,3.0,4
540.0,555.0,3.0,4
540.0,600.0,3.0,4
540.0,690.0,3.0,4
540.0,765.0,3.0,4
540.0,795.0,3.0,4
540.0,855.0,3.0,4
540.0,900.0,3.0,4
555.0,30.0,3.0,4
555.0,150.0,3.0,4
555.0,180.0,3.0,4
555.0,210.0,3.0,4
555.0,405.0,3.0,4
555.0,450.0,3.0,4
555.0,525.0,3.0,4
555.0,570.0,3.0,4
555.0,585.0,3.0,4
555.0,720.0,3.0,4
555.0,750.0,3.0,4
555.0,915.0,3.0,4
570.0,60.0,3.0,4
570.0,225.0,3.0,4
570.0,300.0,3.0,4
570.0,330.0,3.0,4
570.0,435.0,3.0,4
570.0,510.0,3.0,4
570.0,555.0,3.0,4
570.0,675.0,3.0,4
570.0,735.0,3.0,4
570.0,795.0,3.0,4
570.0,840.0,3.0,4
570.0,900.0,3.0,4
570.0,930.0,3.0,4
570.0,975.0,3.0,4
585.0,30.0,3.0,4
585.0,45.0,3.0,4
585.0,150.0,3.0,4
585.0,180.0,3.0,4
585.0,315.0,3.0,4
585.0,420.0,3.0,4
585.0,525.0,3.0,4
585.0,540.0,3.0,4
585.0,705.0,3.0,4
585.0,825.0,3.0,4
585.0,945.0,3.0,4
585.0,990.0,3.0,4
600.0,15.0,3.0,4
600.0,165.0,3.0,4
600.0,450.0,3.0,4
600.0,645.0,3.0,4
600.0,675.0,3.0,4
600.0,735.0,3.0,4
600.0,795.0,3.0,4
600.0,900.0,3.0,4
600.0,930.0,3.0,4
600.0,960.0,3.0,4
600.0,975.0,3.0,4
615.0,435.0,3.0,4
615.0,630.0,3.0,4
615.0,660.0,3.0,4
615.0,705.0,3.0,4
615.0,825.0,3.0,4
615.0,885.0,3.0,4
615.0,945.0,3.0,4
630.0,15.0,3.0,4
630.0,450.0,3.0,4
630.0,615.0,3.0,4
630.0,645.0,3.0,4
630.0,675.0,3.0,4
630.0,720.0,3.0,4
630.0,750.0,3.0,4
630.0,810.0,3.0,4
630.0,930.0,3.0,4
630.0,1005.0,3.0,4
645.0,315.0,3.0,4
645.0,465.0,3.0,4
645.0,630.0,3.0,4
645.0,660.0,3.0,4
645.0,705.0,3.0,4
645.0,870.0,3.0,4
645.0,915.0,3.0,4
645.0,990.0,3.0,4
645.0,1020.0,3.0,4
660.0,30.0,3.0,4
660.0,285.0,3.0,4
660.0,330.0,3.0,4
660.0,510.0,3.0,4
660.0,675.0,3.0,4
660.0,690.0,3.0,4
660.0,735.0,3.0,4
660.0,885.0,3.0,4
660.0,900.0,3.0,4
660.0,975.0,3.0,4
675.0,15.0,3.0,4
675.0,270.0,3.0,4
675.0,435.0,3.0,4
675.0,465.0,3.0,4
675.0,495.0,3.0,4
675.0,525.0,3.0,4
675.0,855.0,3.0,4
675.0,915.0,3.0,4
675.0,990.0,3.0,4
675.0,1005.0,3.0,4
690.0,45.0,3.0,4
690.0,285.0,3.0,4
690.0,315.0,3.0,4
690.0,450.0,3.0,4
690.0,555.0,3.0,4
690.0,870.0,3.0,4
690.0,930.0,3.0,4
705.0,15.0,3.0,4
705.0,75.0,3.0,4
705.0,180.0,3.0,4
705.0,300.0,3.0,4
705.0,510.0,3.0,4
705.0,540.0,3.0,4
705.0,660.0,3.0,4
705.0,780.0,3.0,4
705.0,885.0,3.0,4
720.0,45.0,3.0,4
720.0,60.0,3.0,4
720.0,165.0,3.0,4
720.0,495.0,3.0,4
720.0,675.0,3.0,4
720.0,765.0,3.0,4
720.0,795.0,3.0,4
720.0,930.0,3.0,4
735.0,105.0,3.0,4
735.0,180.0,3.0,4
735.0,195.0,3.0,4
735.0,435.0,3.0,4
735.0,480.0,3.0,4
735.0,525.0,3.0,4
735.0,660.0,3.0,4
735.0,780.0,3.0,4
735.0,900.0,3.0,4
735.0,915.0,3.0,4
750.0,30.0,3.0,4
750.0,90.0,3.0,4
750.0,135.0,3.0,4
750.0,420.0,3.0,4
750.0,450.0,3.0,4
750.0,495.0,3.0,4
750.0,510.0,3.0,4
750.0,675.0,3.0,4
750.0,945.0,3.0,4
765.0,75.0,3.0,4
765.0,435.0,3.0,4
765.0,465.0,3.0,4
765.0,660.0,3.0,4
765.0,690.0,3.0,4
765.0,930.0,3.0,4
765.0,960.0,3.0,4
780.0,30.0,3.0,4
780.0,90.0,3.0,4
780.0,105.0,3.0,4
780.0,120.0,3.0,4
780.0,450.0,3.0,4
780.0,510.0,3.0,4
780.0,645.0,3.0,4
780.0,675.0,3.0,4
780.0,840.0,3.0,4
780.0,945.0,3.0,4
795.0,60.0,3.0,4
795.0,495.0,3.0,4
795.0,525.0,3.0,4
795.0,630.0,3.0,4
795.0,825.0,3.0,4
795.0,855.0,3.0,4
810.0,15.0,3.0,4
810.0,30.0,3.0,4
810.0,45.0,3.0,4
810.0,210.0,3.0,4
810.0,615.0,3.0,4
810.0,645.0,3.0,4
810.0,675.0,3.0,4
810.0,840.0,3.0,4
825.0,195.0,3.0,4
825.0,225.0,3.0,4
825.0,285.0,3.0,4
825.0,510.0,3.0,4
825.0,600.0,3.0,4
825.0,990.0,3.0,4
840.0,135.0,3.0,4
840.0,210.0,3.0,4
840.0,270.0,3.0,4
840.0,300.0,3.0,4
840.0,555.0,3.0,4
840.0,615.0,3.0,4
840.0,630.0,3.0,4
840.0,690.0,3.0,4
840.0,750.0,3.0,4
840.0,975.0,3.0,4
840.0,1020.0,3.0,4
855.0,120.0,3.0,4
855.0,150.0,3.0,4
855.0,285.0,3.0,4
855.0,315.0,3.0,4
855.0,540.0,3.0,4
855.0,570.0,3.0,4
855.0,645.0,3.0,4
855.0,705.0,3.0,4
855.0,735.0,3.0,4
855.0,765.0,3.0,4
870.0,135.0,3.0,4
870.0,165.0,3.0,4
870.0,300.0,3.0,4
870.0,525.0,3.0,4
870.0,555.0,3.0,4
870.0,660.0,3.0,4
870.0,750.0,3.0,4
870.0,990.0,3.0,4
870.0,1005.0,3.0,4
885.0,150.0,3.0,4
885.0,195.0,3.0,4
885.0,510.0,3.0,4
885.0,570.0,3.0,4
885.0,675.0,3.0,4
885.0,690.0,3.0,4
885.0,765.0,3.0,4
885.0,795.0,3.0,4
900.0,135.0,3.0,4
900.0,180.0,3.0,4
900.0,375.0,3.0,4
900.0,585.0,3.0,4
900.0,750.0,3.0,4
900.0,810.0,3.0,4
915.0,120.0,3.0,4
915.0,210.0,3.0,4
915.0,360.0,3.0,4
915.0,390.0,3.0,4
915.0,495.0,3.0,4
915.0,555.0,3.0,4
915.0,570.0,3.0,4
915.0,675.0,3.0,4
915.0,705.0,3.0,4
915.0,765.0,3.0,4
915.0,780.0,3.0,4
915.0,795.0,3.0,4
930.0,105.0,3.0,4
930.0,225.0,3.0,4
930.0,510.0,3.0,4
930.0,540.0,3.0,4
930.0,600.0,3.0,4
930.0,690.0,3.0,4
930.0,720.0,3.0,4
930.0,825.0,3.0,4
945.0,210.0,3.0,4
945.0,375.0,3.0,4
945.0,450.0,3.0,4
945.0,525.0,3.0,4
945.0,555.0,3.0,4
945.0,585.0,3.0,4
945.0,735.0,3.0,4
945.0,765.0,3.0,4
945.0,795.0,3.0,4
945.0,870.0,3.0,4
945.0,900.0,3.0,4
945.0,960.0,3.0,4
960.0,75.0,3.0,4
960.0,165.0,3.0,4
960.0,180.0,3.0,4
960.0,195.0,3.0,4
960.0,420.0,3.0,4
960.0,465.0,3.0,4
960.0,570.0,3.0,4
960.0,645.0,3.0,4
960.0,675.0,3.0,4
960.0,690.0,3.0,4
960.0,720.0,3.0,4
960.0,780.0,3.0,4
960.0,825.0,3.0,4
960.0,855.0,3.0,4
960.0,915.0,3.0,4
960.0,945.0,3.0,4
960.0,975.0,3.0,4
975.0,60.0,3.0,4
975.0,135.0,3.0,4
975.0,150.0,3.0,4
975.0,360.0,3.0,4
975.0,390.0,3.0,4
975.0,540.0,3.0,4
975.0,810.0,3.0,4
975.0,840.0,3.0,4
975.0,870.0,3.0,4
975.0,990.0,3.0,4
990.0,120.0,3.0,4
990.0,195.0,3.0,4
990.0,345.0,3.0,4
990.0,435.0,3.0,4
990.0,450.0,3.0,4
990.0,570.0,3.0,4
990.0,600.0,3.0,4
990.0,675.0,3.0,4
990.0,720.0,3.0,4
990.0,885.0,3.0,4
990.0,945.0,3.0,4
990.0,960.0,3.0,4
990.0,975.0,3.0,4
1005.0,75.0,3.0,4
1005.0,90.0,3.0,4
1005.0,105.0,3.0,4
1005.0,180.0,3.0,4
1005.0,225.0,3.0,4
1005.0,255.0,3.0,4
1005.0,405.0,3.0,4
1005.0,555.0,3.0,4
1005.0,585.0,3.0,4
1005.0,615.0,3.0,4
1005.0,825.0,3.0,4
1020.0,195.0,3.0,4
1020.0,270.0,3.0,4
1020.0,360.0,3.0,4
1020.0,375.0,3.0,4
1020.0,390.0,3.0,4
1020.0,540.0,3.0,4
1020.0,600.0,3.0,4
1020.0,690.0,3.0,4
1020.0,705.0,3.0,4
1020.0,885.0,3.0,4
1020.0,915.0,3.0,4
1020.0,930.0,3.0,4
1020.0,945.0,3.0,4
15.0,45.0,3.0,4
15.0,75.0,3.0,4
15.0,105.0,3.0,4
15.0,240.0,3.0,4
15.0,450.0,3.0,4
15.0,465.0,3.0,4
30.0,30.0,3.0,4
30.0,60.0,3.0,4
30.0,195.0,3.0,4
45.0,15.0,3.0,4
45.0,180.0,3.0,4
45.0,210.0,3.0,4
45.0,285.0,3.0,4
45.0,330.0,3.0,4
60.0,30.0,3.0,4
60.0,270.0,3.0,4
60.0,300.0,3.0,4
60.0,345.0,3.0,4
75.0,180.0,3.0,4
75.0,315.0,3.0,4
75.0,360.0,3.0,4
90.0,210.0,3.0,4
90.0,225.0,3.0,4
105.0,195.0,3.0,4
105.0,390.0,3.0,4
105.0,465.0,3.0,4
120.0,345.0,3.0,4
120.0,375.0,3.0,4
120.0,405.0,3.0,4
120.0,420.0,3.0,4
120.0,450.0,3.0,4
120.0,480.0,3.0,4
135.0,300.0,3.0,4
135.0,330.0,3.0,4
135.0,360.0,3.0,4
150.0,180.0,3.0,4
150.0,285.0,3.0,4
150.0,315.0,3.0,4
150.0,375.0,3.0,4
150.0,420.0,3.0,4
150.0,435.0,3.0,4
165.0,165.0,3.0,4
165.0,195.0,3.0,4
165.0,330.0,3.0,4
165.0,495.0,3.0,4
180.0,30.0,3.0,4
180.0,240.0,3.0,4
180.0,345.0,3.0,4
180.0,450.0,3.0,4
180.0,480.0,3.0,4
195.0,165.0,3.0,4
195.0,255.0,3.0,4
195.0,285.0,3.0,4
195.0,300.0,3.0,4
195.0,330.0,3.0,4
195.0,360.0,3.0,4
210.0,30.0,3.0,4
210.0,150.0,3.0,4
210.0,180.0,3.0,4
210.0,240.0,3.0,4
210.0,270.0,3.0,4
210.0,315.0,3.0,4
210.0,390.0,3.0,4
210.0,405.0,3.0,4
210.0,450.0,3.0,4
210.0,480.0,3.0,4
225.0,135.0,3.0,4
225.0,285.0,3.0,4
225.0,375.0,3.0,4
225.0,465.0,3.0,4
240.0,120.0,3.0,4
240.0,330.0,3.0,4
240.0,345.0,3.0,4
240.0,405.0,3.0,4
240.0,450.0,3.0,4
240.0,495.0,3.0,4
255.0,375.0,3.0,4
255.0,420.0,3.0,4
270.0,345.0,3.0,4
270.0,360.0,3.0,4
270.0,450.0,3.0,4
285.0,285.0,3.0,4
285.0,330.0,3.0,4
285.0,375.0,3.0,4
285.0,480.0,3.0,4
285.0,495.0,3.0,4
300.0,30.0,3.0,4
300.0,450.0,3.0,4
315.0,45.0,3.0,4
315.0,285.0,3.0,4
315.0,390.0,3.0,4
315.0,405.0,3.0,4
315.0,495.0,3.0,4
330.0,15.0,3.0,4
330.0,120.0,3.0,4
330.0,225.0,3.0,4
330.0,240.0,3.0,4
330.0,315.0,3.0,4
330.0,330.0,3.0,4
345.0,90.0,3.0,4
345.0,135.0,3.0,4
345.0,150.0,3.0,4
345.0,210.0,3.0,4
345.0,255.0,3.0,4
345.0,285.0,3.0,4
345.0,345.0,3.0,4
345.0,405.0,3.0,4
345.0,420.0,3.0,4
345.0,450.0,3.0,4
345.0,465.0,3.0,4
360.0,30.0,3.0,4
360.0,60.0,3.0,4
360.0,105.0,3.0,4
360.0,165.0,3.0,4
360.0,270.0,3.0,4
360.0,375.0,3.0,4
360.0,435.0,3.0,4
360.0,480.0,3.0,4
360.0,495.0,3.0,4
375.0,45.0,3.0,4
375.0,75.0,3.0,4
375.0,360.0,3.0,4
375.0,390.0,3.0,4
375.0,450.0,3.0,4
390.0,165.0,3.0,4
390.0,180.0,3.0,4
390.0,225.0,3.0,4
390.0,435.0,3.0,4
390.0,450.0,3.0,4
405.0,225.0,3.0,4
405.0,465.0,3.0,4
420.0,210.0,3.0,4
420.0,300.0,3.0,4
420.0,330.0,3.0,4
420.0,360.0,3.0,4
420.0,480.0,3.0,4
420.0,495.0,3.0,4
435.0,285.0,3.0,4
435.0,315.0,3.0,4
435.0,345.0,3.0,4
435.0,375.0,3.0,4
435.0,390.0,3.0,4
435.0,435.0,3.0,4
450.0,165.0,3.0,4
450.0,180.0,3.0,4
465.0,135.0,3.0,4
465.0,150.0,3.0,4
480.0,30.0,3.0,4
495.0,135.0,3.0,4
495.0,165.0,3.0,4
495.0,240.0,3.0,4
495.0,315.0,3.0,4
495.0,330.0,3.0,4
495.0,345.0,3.0,4
525.0,165.0,3.0,4
525.0,300.0,3.0,4
525.0,315.0,3.0,4
525.0,345.0,3.0,4
525.0,420.0,3.0,4
525.0,555.0,3.0,4
525.0,585.0,3.0,4
525.0,600.0,3.0,4
525.0,690.0,3.0,4
525.0,795.0,3.0,4
525.0,840.0,3.0,4
525.0,855.0,3.0,4
540.0,45.0,3.0,4
540.0,150.0,3.0,4
540.0,180.0,3.0,4
540.0,210.0,3.0,4
540.0,225.0,3.0,4
540.0,405.0,3.0,4
540.0,435.0,3.0,4
540.0,450.0,3.0,4
540.0,525.0,3.0,4
540.0,615.0,3.0,4
540.0,660.0,3.0,4
540.0,720.0,3.0,4
540.0,735.0,3.0,4
540.0,915.0,3.0,4
555.0,300.0,3.0,4
555.0,510.0,3.0,4
555.0,540.0,3.0,4
555.0,555.0,3.0,4
555.0,615.0,3.0,4
555.0,660.0,3.0,4
555.0,795.0,3.0,4
555.0,900.0,3.0,4
555.0,930.0,3.0,4
555.0,975.0,3.0,4
570.0,150.0,3.0,4
570.0,180.0,3.0,4
570.0,405.0,3.0,4
570.0,615.0,3.0,4
570.0,705.0,3.0,4
570.0,720.0,3.0,4
570.0,945.0,3.0,4
570.0,990.0,3.0,4
585.0,435.0,3.0,4
585.0,450.0,3.0,4
585.0,645.0,3.0,4
585.0,675.0,3.0,4
585.0,735.0,3.0,4
585.0,795.0,3.0,4
585.0,900.0,3.0,4
585.0,930.0,3.0,4
585.0,960.0,3.0,4
600.0,420.0,3.0,4
600.0,630.0,3.0,4
600.0,705.0,3.0,4
600.0,825.0,3.0,4
600.0,885.0,3.0,4
615.0,450.0,3.0,4
615.0,615.0,3.0,4
615.0,675.0,3.0,4
615.0,735.0,3.0,4
615.0,750.0,3.0,4
615.0,795.0,3.0,4
615.0,930.0,3.0,4
615.0,1005.0,3.0,4
630.0,315.0,3.0,4
630.0,435.0,3.0,4
630.0,465.0,3.0,4
630.0,660.0,3.0,4
630.0,690.0,3.0,4
630.0,705.0,3.0,4
630.0,870.0,3.0,4
630.0,885.0,3.0,4
630.0,990.0,3.0,4
630.0,1020.0,3.0,4
645.0,285.0,3.0,4
645.0,330.0,3.0,4
645.0,510.0,3.0,4
645.0,720.0,3.0,4
645.0,885.0,3.0,4
645.0,975.0,3.0,4
660.0,270.0,3.0,4
660.0,300.0,3.0,4
660.0,465.0,3.0,4
660.0,495.0,3.0,4
660.0,525.0,3.0,4
660.0,855.0,3.0,4
660.0,915.0,3.0,4
675.0,45.0,3.0,4
675.0,540.0,3.0,4
675.0,555.0,3.0,4
675.0,885.0,3.0,4
675.0,930.0,3.0,4
690.0,60.0,3.0,4
690.0,75.0,3.0,4
690.0,180.0,3.0,4
690.0,495.0,3.0,4
690.0,660.0,3.0,4
690.0,780.0,3.0,4
705.0,165.0,3.0,4
705.0,195.0,3.0,4
705.0,495.0,3.0,4
705.0,675.0,3.0,4
705.0,765.0,3.0,4
705.0,795.0,3.0,4
705.0,930.0,3.0,4
720.0,105.0,3.0,4
720.0,435.0,3.0,4
720.0,480.0,3.0,4
720.0,615.0,3.0,4
720.0,825.0,3.0,4
720.0,885.0,3.0,4
735.0,90.0,3.0,4
735.0,120.0,3.0,4
735.0,135.0,3.0,4
735.0,420.0,3.0,4
735.0,450.0,3.0,4
735.0,615.0,3.0,4
735.0,675.0,3.0,4
735.0,825.0,3.0,4
735.0,945.0,3.0,4
750.0,75.0,3.0,4
750.0,195.0,3.0,4
750.0,465.0,3.0,4
750.0,615.0,3.0,4
750.0,660.0,3.0,4
750.0,690.0,3.0,4
750.0,825.0,3.0,4
750.0,930.0,3.0,4
750.0,960.0,3.0,4
765.0,510.0,3.0,4
765.0,645.0,3.0,4
765.0,840.0,3.0,4
780.0,45.0,3.0,4
780.0,60.0,3.0,4
780.0,495.0,3.0,4
780.0,525.0,3.0,4
780.0,630.0,3.0,4
780.0,825.0,3.0,4
780.0,855.0,3.0,4
795.0,210.0,3.0,4
795.0,615.0,3.0,4
795.0,675.0,3.0,4
810.0,195.0,3.0,4
810.0,225.0,3.0,4
810.0,285.0,3.0,4
810.0,495.0,3.0,4
810.0,600.0,3.0,4
810.0,990.0,3.0,4
825.0,135.0,3.0,4
825.0,270.0,3.0,4
825.0,300.0,3.0,4
825.0,555.0,3.0,4
825.0,675.0,3.0,4
825.0,690.0,3.0,4
825.0,750.0,3.0,4
825.0,975.0,3.0,4
825.0,1005.0,3.0,4
825.0,1020.0,3.0,4
840.0,120.0,3.0,4
840.0,150.0,3.0,4
840.0,315.0,3.0,4
840.0,540.0,3.0,4
840.0,570.0,3.0,4
840.0,705.0,3.0,4
840.0,735.0,3.0,4
840.0,765.0,3.0,4
855.0,165.0,3.0,4
855.0,525.0,3.0,4
855.0,975.0,3.0,4
870.0,150.0,3.0,4
870.0,180.0,3.0,4
870.0,195.0,3.0,4
870.0,510.0,3.0,4
870.0,570.0,3.0,4
870.0,765.0,3.0,4
870.0,795.0,3.0,4
885.0,135.0,3.0,4
885.0,375.0,3.0,4
885.0,555.0,3.0,4
885.0,585.0,3.0,4
885.0,750.0,3.0,4
885.0,780.0,3.0,4
885.0,810.0,3.0,4
900.0,120.0,3.0,4
900.0,195.0,3.0,4
900.0,210.0,3.0,4
900.0,360.0,3.0,4
900.0,390.0,3.0,4
900.0,405.0,3.0,4
900.0,495.0,3.0,4
900.0,510.0,3.0,4
900.0,615.0,3.0,4
900.0,675.0,3.0,4
900.0,705.0,3.0,4
900.0,825.0,3.0,4
915.0,105.0,3.0,4
915.0,225.0,3.0,4
915.0,405.0,3.0,4
915.0,585.0,3.0,4
915.0,600.0,3.0,4
915.0,615.0,3.0,4
915.0,690.0,3.0,4
915.0,720.0,3.0,4
915.0,825.0,3.0,4
930.0,360.0,3.0,4
930.0,405.0,3.0,4
930.0,450.0,3.0,4
930.0,555.0,3.0,4
930.0,615.0,3.0,4
930.0,660.0,3.0,4
930.0,735.0,3.0,4
930.0,765.0,3.0,4
930.0,795.0,3.0,4
930.0,870.0,3.0,4
930.0,900.0,3.0,4
930.0,960.0,3.0,4
945.0,75.0,3.0,4
945.0,105.0,3.0,4
945.0,420.0,3.0,4
945.0,465.0,3.0,4
945.0,540.0,3.0,4
945.0,645.0,3.0,4
945.0,810.0,3.0,4
945.0,855.0,3.0,4
945.0,885.0,3.0,4
945.0,915.0,3.0,4
945.0,945.0,3.0,4
945.0,975.0,3.0,4
960.0,60.0,3.0,4
960.0,90.0,3.0,4
960.0,360.0,3.0,4
960.0,375.0,3.0,4
960.0,390.0,3.0,4
960.0,525.0,3.0,4
960.0,555.0,3.0,4
960.0,810.0,3.0,4
960.0,840.0,3.0,4
960.0,930.0,3.0,4
960.0,990.0,3.0,4
975.0,195.0,3.0,4
975.0,345.0,3.0,4
975.0,570.0,3.0,4
975.0,600.0,3.0,4
975.0,675.0,3.0,4
975.0,690.0,3.0,4
975.0,720.0,3.0,4
975.0,945.0,3.0,4
990.0,60.0,3.0,4
990.0,180.0,3.0,4
990.0,225.0,3.0,4
990.0,255.0,3.0,4
990.0,390.0,3.0,4
990.0,405.0,3.0,4
990.0,480.0,3.0,4
990.0,540.0,3.0,4
990.0,585.0,3.0,4
990.0,615.0,3.0,4
990.0,690.0,3.0,4
990.0,810.0,3.0,4
1005.0,240.0,3.0,4
1005.0,270.0,3.0,4
1005.0,345.0,3.0,4
1005.0,480.0,3.0,4
1005.0,885.0,3.0,4
1020.0,210.0,3.0,4
1020.0,615.0,3.0,4
15.0,600.0,3.0,4
15.0,660.0,3.0,4
15.0,840.0,3.0,4
15.0,915.0,3.0,4
15.0,975.0,3.0,4
30.0,615.0,3.0,4
30.0,660.0,3.0,4
30.0,840.0,3.0,4
30.0,930.0,3.0,4
30.0,990.0,3.0,4
45.0,825.0,3.0,4
45.0,990.0,3.0,4
60.0,780.0,3.0,4
75.0,570.0,3.0,4
75.0,750.0,3.0,4
75.0,780.0,3.0,4
75.0,945.0,3.0,4
90.0,510.0,3.0,4
90.0,585.0,3.0,4
90.0,960.0,3.0,4
105.0,555.0,3.0,4
105.0,615.0,3.0,4
105.0,705.0,3.0,4
105.0,960.0,3.0,4
120.0,510.0,3.0,4
120.0,630.0,3.0,4
120.0,750.0,3.0,4
120.0,780.0,3.0,4
120.0,870.0,3.0,4
120.0,930.0,3.0,4
135.0,525.0,3.0,4
135.0,885.0,3.0,4
135.0,915.0,3.0,4
150.0,555.0,3.0,4
150.0,645.0,3.0,4
150.0,690.0,3.0,4
150.0,780.0,3.0,4
150.0,855.0,3.0,4
165.0,510.0,3.0,4
165.0,540.0,3.0,4
165.0,645.0,3.0,4
165.0,705.0,3.0,4
165.0,870.0,3.0,4
165.0,900.0,3.0,4
165.0,960.0,3.0,4
180.0,585.0,3.0,4
180.0,630.0,3.0,4
180.0,675.0,3.0,4
180.0,765.0,3.0,4
180.0,870.0,3.0,4
195.0,630.0,3.0,4
195.0,870.0,3.0,4
195.0,915.0,3.0,4
195.0,960.0,3.0,4
210.0,765.0,3.0,4
225.0,555.0,3.0,4
225.0,690.0,3.0,4
225.0,780.0,3.0,4
225.0,855.0,3.0,4
225.0,885.0,3.0,4
225.0,930.0,3.0,4
225.0,990.0,3.0,4
240.0,510.0,3.0,4
240.0,795.0,3.0,4
240.0,855.0,3.0,4
240.0,900.0,3.0,4
240.0,915.0,3.0,4
240.0,1005.0,3.0,4
255.0,525.0,3.0,4
255.0,600.0,3.0,4
255.0,660.0,3.0,4
255.0,765.0,3.0,4
255.0,870.0,3.0,4
270.0,615.0,3.0,4
270.0,645.0,3.0,4
270.0,780.0,3.0,4
270.0,885.0,3.0,4
285.0,645.0,3.0,4
300.0,510.0,3.0,4
300.0,630.0,3.0,4
300.0,735.0,3.0,4
300.0,930.0,3.0,4
315.0,555.0,3.0,4
315.0,750.0,3.0,4
315.0,825.0,3.0,4
315.0,945.0,3.0,4
330.0,720.0,3.0,4
330.0,915.0,3.0,4
345.0,555.0,3.0,4
345.0,600.0,3.0,4
345.0,645.0,3.0,4
345.0,735.0,3.0,4
345.0,930.0,3.0,4
360.0,510.0,3.0,4
360.0,810.0,3.0,4
360.0,990.0,3.0,4
375.0,540.0,3.0,4
375.0,765.0,3.0,4
375.0,885.0,3.0,4
375.0,1005.0,3.0,4
390.0,555.0,3.0,4
390.0,675.0,3.0,4
390.0,780.0,3.0,4
390.0,900.0,3.0,4
405.0,555.0,3.0,4
405.0,690.0,3.0,4
405.0,840.0,3.0,4
405.0,990.0,3.0,4
420.0,570.0,3.0,4
420.0,705.0,3.0,4
420.0,795.0,3.0,4
420.0,885.0,3.0,4
420.0,945.0,3.0,4
435.0,570.0,3.0,4
435.0,690.0,3.0,4
435.0,720.0,3.0,4
435.0,900.0,3.0,4
435.0,930.0,3.0,4
435.0,960.0,3.0,4
450.0,600.0,3.0,4
450.0,765.0,3.0,4
450.0,810.0,3.0,4
450.0,975.0,3.0,4
465.0,570.0,3.0,4
465.0,660.0,3.0,4
465.0,705.0,3.0,4
465.0,750.0,3.0,4
465.0,975.0,3.0,4
480.0,585.0,3.0,4
480.0,720.0,3.0,4
480.0,810.0,3.0,4
480.0,915.0,3.0,4
495.0,585.0,3.0,4
495.0,720.0,3.0,4
495.0,825.0,3.0,4
525.0,540.0,3.0,4
525.0,870.0,3.0,4
540.0,705.0,3.0,4
540.0,780.0,3.0,4
540.0,885.0,3.0,4
555.0,600.0,3.0,4
555.0,780.0,3.0,4
555.0,885.0,3.0,4
555.0,960.0,3.0,4
570.0,600.0,3.0,4
570.0,690.0,3.0,4
570.0,780.0,3.0,4
570.0,885.0,3.0,4
585.0,510.0,3.0,4
585.0,690.0,3.0,4
585.0,780.0,3.0,4
600.0,690.0,3.0,4
600.0,780.0,3.0,4
600.0,870.0,3.0,4
615.0,600.0,3.0,4
615.0,780.0,3.0,4
630.0,600.0,3.0,4
630.0,795.0,3.0,4
630.0,855.0,3.0,4
645.0,615.0,3.0,4
645.0,645.0,3.0,4
645.0,960.0,3.0,4
660.0,660.0,3.0,4
660.0,720.0,3.0,4
660.0,960.0,3.0,4
675.0,840.0,3.0,4
675.0,975.0,3.0,4
690.0,645.0,3.0,4
690.0,855.0,3.0,4
705.0,750.0,3.0,4
705.0,870.0,3.0,4
720.0,600.0,3.0,4
720.0,750.0,3.0,4
720.0,810.0,3.0,4
720.0,870.0,3.0,4
735.0,600.0,3.0,4
735.0,765.0,3.0,4
735.0,810.0,3.0,4
735.0,885.0,3.0,4
750.0,600.0,3.0,4
750.0,810.0,3.0,4
750.0,915.0,3.0,4
765.0,915.0,3.0,4
780.0,810.0,3.0,4
780.0,930.0,3.0,4
795.0,810.0,3.0,4
810.0,585.0,3.0,4
810.0,825.0,3.0,4
825.0,585.0,3.0,4
825.0,960.0,3.0,4
840.0,600.0,3.0,4
840.0,720.0,3.0,4
840.0,960.0,3.0,4
855.0,630.0,3.0,4
855.0,720.0,3.0,4
855.0,960.0,3.0,4
870.0,645.0,3.0,4
870.0,735.0,3.0,4
870.0,975.0,3.0,4
885.0,660.0,3.0,4
885.0,735.0,3.0,4
900.0,660.0,3.0,4
900.0,735.0,3.0,4
915.0,750.0,3.0,4
915.0,810.0,3.0,4
930.0,750.0,3.0,4
945.0,510.0,3.0,4
945.0,630.0,3.0,4
945.0,750.0,3.0,4
960.0,510.0,3.0,4
960.0,630.0,3.0,4
960.0,765.0,3.0,4
960.0,795.0,3.0,4
975.0,795.0,3.0,4
975.0,855.0,3.0,4
990.0,795.0,3.0,4
990.0,870.0,3.0,4
1005.0,570.0,3.0,4
1005.0,810.0,3.0,4
1005.0,870.0,3.0,4
1020.0,525.0,3.0,4
1020.0,585.0,3.0,4
1020.0,870.0,3.0,4
15.0,480.0,3.0,4
30.0,240.0,3.0,4
30.0,300.0,3.0,4
30.0,315.0,3.0,4
30.0,480.0,3.0,4
30.0,540.0,3.0,4
45.0,240.0,3.0,4
45.0,465.0,3.0,4
45.0,480.0,3.0,4
45.0,540.0,3.0,4
60.0,240.0,3.0,4
60.0,405.0,3.0,4
60.0,450.0,3.0,4
60.0,465.0,3.0,4
60.0,480.0,3.0,4
75.0,240.0,3.0,4
75.0,405.0,3.0,4
75.0,450.0,3.0,4
75.0,465.0,3.0,4
75.0,480.0,3.0,4
90.0,240.0,3.0,4
90.0,405.0,3.0,4
90.0,450.0,3.0,4
90.0,480.0,3.0,4
105.0,240.0,3.0,4
105.0,315.0,3.0,4
105.0,360.0,3.0,4
120.0,225.0,3.0,4
120.0,240.0,3.0,4
120.0,315.0,3.0,4
135.0,210.0,3.0,4
135.0,225.0,3.0,4
135.0,240.0,3.0,4
150.0,225.0,3.0,4
150.0,240.0,3.0,4
150.0,480.0,3.0,4
165.0,465.0,3.0,4
180.0,405.0,3.0,4
210.0,195.0,3.0,4
225.0,195.0,3.0,4
240.0,180.0,3.0,4
240.0,195.0,3.0,4
255.0,180.0,3.0,4
255.0,195.0,3.0,4
270.0,165.0,3.0,4
270.0,180.0,3.0,4
270.0,195.0,3.0,4
270.0,525.0,3.0,4
285.0,150.0,3.0,4
285.0,165.0,3.0,4
285.0,180.0,3.0,4
285.0,195.0,3.0,4
285.0,420.0,3.0,4
285.0,570.0,3.0,4
300.0,150.0,3.0,4
300.0,165.0,3.0,4
300.0,180.0,3.0,4
300.0,195.0,3.0,4
300.0,420.0,3.0,4
315.0,150.0,3.0,4
315.0,165.0,3.0,4
315.0,180.0,3.0,4
315.0,195.0,3.0,4
315.0,510.0,3.0,4
330.0,165.0,3.0,4
330.0,180.0,3.0,4
345.0,180.0,3.0,4
360.0,180.0,3.0,4
390.0,315.0,3.0,4
390.0,330.0,3.0,4
390.0,525.0,3.0,4
405.0,285.0,3.0,4
405.0,315.0,3.0,4
405.0,375.0,3.0,4
405.0,510.0,3.0,4
405.0,525.0,3.0,4
420.0,180.0,3.0,4
420.0,270.0,3.0,4
420.0,510.0,3.0,4
420.0,525.0,3.0,4
435.0,510.0,3.0,4
435.0,525.0,3.0,4
450.0,255.0,3.0,4
450.0,495.0,3.0,4
450.0,510.0,3.0,4
450.0,525.0,3.0,4
465.0,225.0,3.0,4
465.0,240.0,3.0,4
465.0,255.0,3.0,4
465.0,390.0,3.0,4
465.0,480.0,3.0,4
465.0,495.0,3.0,4
465.0,510.0,3.0,4
465.0,525.0,3.0,4
480.0,180.0,3.0,4
480.0,225.0,3.0,4
480.0,255.0,3.0,4
480.0,375.0,3.0,4
480.0,390.0,3.0,4
480.0,465.0,3.0,4
480.0,480.0,3.0,4
495.0,180.0,3.0,4
495.0,255.0,3.0,4
495.0,360.0,3.0,4
495.0,375.0,3.0,4
495.0,390.0,3.0,4
495.0,465.0,3.0,4
495.0,480.0,3.0,4
495.0,540.0,3.0,4
525.0,525.0,3.0,0
