x,y,z,type
0.0,20.0,0.0,2
0.0,21.0,0.0,2
0.0,26.0,0.0,2
0.0,27.0,0.0,2
0.0,36.0,0.0,2
0.0,42.0,0.0,2
0.0,45.0,0.0,2
0.0,57.0,0.0,2
0.0,66.0,0.0,2
0.0,67.0,0.0,2
0.0,69.0,0.0,2
1.0,26.0,0.0,2
1.0,27.0,0.0,2
1.0,42.0,0.0,2
1.0,45.0,0.0,2
1.0,57.0,0.0,2
1.0,63.0,0.0,2
2.0,6.0,0.0,2
2.0,27.0,0.0,2
2.0,30.0,0.0,2
2.0,67.0,0.0,2
3.0,3.0,0.0,2
3.0,4.0,0.0,2
3.0,5.0,0.0,2
3.0,6.0,0.0,2
4.0,4.0,0.0,2
4.0,5.0,0.0,2
4.0,13.0,0.0,2
4.0,54.0,0.0,2
4.0,55.0,0.0,2
5.0,0.0,0.0,2
5.0,1.0,0.0,2
5.0,2.0,0.0,2
5.0,13.0,0.0,2
5.0,19.0,0.0,2
5.0,22.0,0.0,2
5.0,40.0,0.0,2
5.0,55.0,0.0,2
5.0,65.0,0.0,2
6.0,20.0,0.0,2
6.0,23.0,0.0,2
6.0,36.0,0.0,2
6.0,51.0,0.0,2
6.0,52.0,0.0,2
6.0,54.0,0.0,2
6.0,55.0,0.0,2
6.0,65.0,0.0,2
7.0,14.0,0.0,2
7.0,36.0,0.0,2
7.0,43.0,0.0,2
7.0,49.0,0.0,2
7.0,54.0,0.0,2
7.0,55.0,0.0,2
8.0,36.0,0.0,2
8.0,37.0,0.0,2
8.0,49.0,0.0,2
8.0,54.0,0.0,2
8.0,55.0,0.0,2
8.0,60.0,0.0,2
9.0,26.0,0.0,2
9.0,27.0,0.0,2
9.0,31.0,0.0,2
9.0,49.0,0.0,2
9.0,50.0,0.0,2
9.0,54.0,0.0,2
9.0,55.0,0.0,2
9.0,60.0,0.0,2
9.0,62.0,0.0,2
9.0,63.0,0.0,2
9.0,68.0,0.0,2
10.0,23.0,0.0,2
10.0,26.0,0.0,2
10.0,27.0,0.0,2
10.0,48.0,0.0,2
10.0,49.0,0.0,2
10.0,54.0,0.0,2
10.0,55.0,0.0,2
10.0,59.0,0.0,2
10.0,61.0,0.0,2
10.0,67.0,0.0,2
10.0,68.0,0.0,2
11.0,20.0,0.0,2
11.0,24.0,0.0,2
11.0,25.0,0.0,2
11.0,26.0,0.0,2
11.0,28.0,0.0,2
11.0,37.0,0.0,2
11.0,38.0,0.0,2
11.0,44.0,0.0,2
11.0,48.0,0.0,2
11.0,49.0,0.0,2
11.0,50.0,0.0,2
11.0,53.0,0.0,2
11.0,54.0,0.0,2
11.0,59.0,0.0,2
11.0,66.0,0.0,2
11.0,67.0,0.0,2
12.0,12.0,0.0,2
12.0,13.0,0.0,2
12.0,21.0,0.0,2
12.0,25.0,0.0,2
12.0,26.0,0.0,2
12.0,35.0,0.0,2
12.0,36.0,0.0,2
12.0,37.0,0.0,2
12.0,43.0,0.0,2
12.0,47.0,0.0,2
12.0,48.0,0.0,2
12.0,49.0,0.0,2
12.0,53.0,0.0,2
12.0,54.0,0.0,2
12.0,55.0,0.0,2
12.0,66.0,0.0,2
12.0,67.0,0.0,2
13.0,25.0,0.0,2
13.0,33.0,0.0,2
13.0,35.0,0.0,2
13.0,37.0,0.0,2
13.0,38.0,0.0,2
13.0,39.0,0.0,2
13.0,47.0,0.0,2
13.0,48.0,0.0,2
13.0,53.0,0.0,2
13.0,54.0,0.0,2
13.0,55.0,0.0,2
14.0,20.0,0.0,2
14.0,22.0,0.0,2
14.0,23.0,0.0,2
14.0,33.0,0.0,2
14.0,34.0,0.0,2
14.0,47.0,0.0,2
14.0,53.0,0.0,2
14.0,54.0,0.0,2
14.0,58.0,0.0,2
14.0,60.0,0.0,2
14.0,61.0,0.0,2
14.0,63.0,0.0,2
14.0,64.0,0.0,2
14.0,65.0,0.0,2
15.0,11.0,0.0,2
15.0,17.0,0.0,2
15.0,18.0,0.0,2
15.0,20.0,0.0,2
15.0,26.0,0.0,2
15.0,54.0,0.0,2
15.0,58.0,0.0,2
15.0,63.0,0.0,2
15.0,68.0,0.0,2
16.0,10.0,0.0,2
16.0,11.0,0.0,2
16.0,18.0,0.0,2
16.0,19.0,0.0,2
16.0,20.0,0.0,2
16.0,21.0,0.0,2
16.0,26.0,0.0,2
16.0,32.0,0.0,2
16.0,36.0,0.0,2
16.0,37.0,0.0,2
16.0,43.0,0.0,2
16.0,45.0,0.0,2
16.0,46.0,0.0,2
17.0,9.0,0.0,2
17.0,10.0,0.0,2
17.0,19.0,0.0,2
17.0,20.0,0.0,2
17.0,21.0,0.0,2
17.0,22.0,0.0,2
17.0,26.0,0.0,2
17.0,31.0,0.0,2
17.0,32.0,0.0,2
17.0,37.0,0.0,2
17.0,42.0,0.0,2
17.0,45.0,0.0,2
17.0,53.0,0.0,2
17.0,60.0,0.0,2
17.0,61.0,0.0,2
18.0,20.0,0.0,2
18.0,21.0,0.0,2
18.0,26.0,0.0,2
18.0,27.0,0.0,2
18.0,31.0,0.0,2
18.0,37.0,0.0,2
18.0,42.0,0.0,2
18.0,44.0,0.0,2
18.0,53.0,0.0,2
19.0,20.0,0.0,2
19.0,21.0,0.0,2
19.0,23.0,0.0,2
19.0,26.0,0.0,2
19.0,27.0,0.0,2
19.0,31.0,0.0,2
19.0,37.0,0.0,2
19.0,44.0,0.0,2
19.0,52.0,0.0,2
19.0,53.0,0.0,2
19.0,54.0,0.0,2
20.0,20.0,0.0,2
20.0,21.0,0.0,2
20.0,23.0,0.0,2
20.0,24.0,0.0,2
20.0,31.0,0.0,2
20.0,32.0,0.0,2
20.0,36.0,0.0,2
20.0,40.0,0.0,2
20.0,43.0,0.0,2
20.0,44.0,0.0,2
20.0,51.0,0.0,2
20.0,52.0,0.0,2
20.0,53.0,0.0,2
20.0,54.0,0.0,2
20.0,64.0,0.0,2
21.0,20.0,0.0,2
21.0,24.0,0.0,2
21.0,25.0,0.0,2
21.0,31.0,0.0,2
21.0,32.0,0.0,2
21.0,36.0,0.0,2
21.0,39.0,0.0,2
21.0,40.0,0.0,2
21.0,43.0,0.0,2
21.0,51.0,0.0,2
21.0,52.0,0.0,2
22.0,2.0,0.0,2
22.0,20.0,0.0,2
22.0,25.0,0.0,2
22.0,26.0,0.0,2
22.0,32.0,0.0,2
22.0,39.0,0.0,2
22.0,50.0,0.0,2
22.0,51.0,0.0,2
22.0,55.0,0.0,2
22.0,63.0,0.0,2
22.0,64.0,0.0,2
23.0,0.0,0.0,2
23.0,1.0,0.0,2
23.0,15.0,0.0,2
23.0,20.0,0.0,2
23.0,21.0,0.0,2
23.0,24.0,0.0,2
23.0,26.0,0.0,2
23.0,35.0,0.0,2
23.0,39.0,0.0,2
23.0,50.0,0.0,2
23.0,51.0,0.0,2
23.0,55.0,0.0,2
23.0,63.0,0.0,2
23.0,64.0,0.0,2
23.0,69.0,0.0,2
24.0,8.0,0.0,2
24.0,9.0,0.0,2
24.0,15.0,0.0,2
24.0,16.0,0.0,2
24.0,20.0,0.0,2
24.0,21.0,0.0,2
24.0,22.0,0.0,2
24.0,27.0,0.0,2
24.0,31.0,0.0,2
24.0,35.0,0.0,2
24.0,38.0,0.0,2
24.0,39.0,0.0,2
24.0,40.0,0.0,2
24.0,43.0,0.0,2
24.0,49.0,0.0,2
24.0,50.0,0.0,2
24.0,62.0,0.0,2
24.0,63.0,0.0,2
24.0,68.0,0.0,2
24.0,69.0,0.0,2
25.0,1.0,0.0,2
25.0,6.0,0.0,2
25.0,7.0,0.0,2
25.0,8.0,0.0,2
25.0,9.0,0.0,2
25.0,10.0,0.0,2
25.0,16.0,0.0,2
25.0,17.0,0.0,2
25.0,18.0,0.0,2
25.0,19.0,0.0,2
25.0,20.0,0.0,2
25.0,25.0,0.0,2
25.0,27.0,0.0,2
25.0,28.0,0.0,2
25.0,31.0,0.0,2
25.0,32.0,0.0,2
25.0,38.0,0.0,2
25.0,39.0,0.0,2
25.0,40.0,0.0,2
25.0,41.0,0.0,2
25.0,49.0,0.0,2
25.0,50.0,0.0,2
25.0,53.0,0.0,2
25.0,54.0,0.0,2
25.0,61.0,0.0,2
25.0,62.0,0.0,2
25.0,63.0,0.0,2
25.0,68.0,0.0,2
26.0,0.0,0.0,2
26.0,1.0,0.0,2
26.0,2.0,0.0,2
26.0,4.0,0.0,2
26.0,5.0,0.0,2
26.0,6.0,0.0,2
26.0,7.0,0.0,2
26.0,8.0,0.0,2
26.0,10.0,0.0,2
26.0,16.0,0.0,2
26.0,17.0,0.0,2
26.0,18.0,0.0,2
26.0,28.0,0.0,2
26.0,32.0,0.0,2
26.0,33.0,0.0,2
26.0,38.0,0.0,2
26.0,39.0,0.0,2
26.0,40.0,0.0,2
26.0,41.0,0.0,2
26.0,47.0,0.0,2
26.0,53.0,0.0,2
26.0,54.0,0.0,2
26.0,61.0,0.0,2
26.0,62.0,0.0,2
27.0,0.0,0.0,2
27.0,1.0,0.0,2
27.0,2.0,0.0,2
27.0,3.0,0.0,2
27.0,4.0,0.0,2
27.0,5.0,0.0,2
27.0,6.0,0.0,2
27.0,7.0,0.0,2
27.0,8.0,0.0,2
27.0,9.0,0.0,2
27.0,10.0,0.0,2
27.0,11.0,0.0,2
27.0,29.0,0.0,2
27.0,39.0,0.0,2
27.0,40.0,0.0,2
27.0,49.0,0.0,2
27.0,52.0,0.0,2
27.0,62.0,0.0,2
27.0,68.0,0.0,2
27.0,69.0,0.0,2
28.0,0.0,0.0,2
28.0,1.0,0.0,2
28.0,2.0,0.0,2
28.0,3.0,0.0,2
28.0,4.0,0.0,2
28.0,5.0,0.0,2
28.0,6.0,0.0,2
28.0,7.0,0.0,2
28.0,8.0,0.0,2
28.0,9.0,0.0,2
28.0,10.0,0.0,2
28.0,16.0,0.0,2
28.0,17.0,0.0,2
28.0,30.0,0.0,2
28.0,31.0,0.0,2
28.0,39.0,0.0,2
28.0,40.0,0.0,2
28.0,49.0,0.0,2
28.0,52.0,0.0,2
28.0,56.0,0.0,2
28.0,61.0,0.0,2
28.0,65.0,0.0,2
28.0,66.0,0.0,2
28.0,67.0,0.0,2
28.0,68.0,0.0,2
28.0,69.0,0.0,2
29.0,0.0,0.0,2
29.0,1.0,0.0,2
29.0,2.0,0.0,2
29.0,3.0,0.0,2
29.0,4.0,0.0,2
29.0,5.0,0.0,2
29.0,6.0,0.0,2
29.0,7.0,0.0,2
29.0,8.0,0.0,2
29.0,9.0,0.0,2
29.0,10.0,0.0,2
29.0,15.0,0.0,2
29.0,16.0,0.0,2
29.0,30.0,0.0,2
29.0,31.0,0.0,2
29.0,32.0,0.0,2
29.0,49.0,0.0,2
29.0,52.0,0.0,2
29.0,53.0,0.0,2
29.0,56.0,0.0,2
29.0,57.0,0.0,2
29.0,66.0,0.0,2
29.0,67.0,0.0,2
30.0,0.0,0.0,2
30.0,1.0,0.0,2
30.0,2.0,0.0,2
30.0,3.0,0.0,2
30.0,4.0,0.0,2
30.0,5.0,0.0,2
30.0,6.0,0.0,2
30.0,7.0,0.0,2
30.0,8.0,0.0,2
30.0,20.0,0.0,2
30.0,21.0,0.0,2
30.0,22.0,0.0,2
30.0,23.0,0.0,2
30.0,24.0,0.0,2
30.0,25.0,0.0,2
30.0,31.0,0.0,2
30.0,45.0,0.0,2
30.0,46.0,0.0,2
30.0,49.0,0.0,2
30.0,52.0,0.0,2
30.0,56.0,0.0,2
30.0,57.0,0.0,2
30.0,58.0,0.0,2
30.0,62.0,0.0,2
30.0,66.0,0.0,2
30.0,67.0,0.0,2
30.0,68.0,0.0,2
30.0,69.0,0.0,2
31.0,0.0,0.0,2
31.0,3.0,0.0,2
31.0,4.0,0.0,2
31.0,5.0,0.0,2
31.0,6.0,0.0,2
31.0,7.0,0.0,2
31.0,8.0,0.0,2
31.0,11.0,0.0,2
31.0,21.0,0.0,2
31.0,22.0,0.0,2
31.0,23.0,0.0,2
31.0,24.0,0.0,2
31.0,40.0,0.0,2
31.0,42.0,0.0,2
31.0,49.0,0.0,2
31.0,51.0,0.0,2
31.0,52.0,0.0,2
31.0,58.0,0.0,2
31.0,62.0,0.0,2
31.0,67.0,0.0,2
31.0,68.0,0.0,2
32.0,0.0,0.0,2
32.0,1.0,0.0,2
32.0,3.0,0.0,2
32.0,4.0,0.0,2
32.0,5.0,0.0,2
32.0,6.0,0.0,2
32.0,7.0,0.0,2
32.0,8.0,0.0,2
32.0,10.0,0.0,2
32.0,40.0,0.0,2
32.0,41.0,0.0,2
32.0,42.0,0.0,2
32.0,49.0,0.0,2
32.0,50.0,0.0,2
32.0,51.0,0.0,2
32.0,52.0,0.0,2
32.0,56.0,0.0,2
32.0,57.0,0.0,2
33.0,0.0,0.0,2
33.0,1.0,0.0,2
33.0,2.0,0.0,2
33.0,4.0,0.0,2
33.0,5.0,0.0,2
33.0,6.0,0.0,2
33.0,7.0,0.0,2
33.0,8.0,0.0,2
33.0,10.0,0.0,2
33.0,41.0,0.0,2
33.0,50.0,0.0,2
33.0,51.0,0.0,2
33.0,56.0,0.0,2
33.0,60.0,0.0,2
33.0,61.0,0.0,2
34.0,3.0,0.0,2
34.0,4.0,0.0,2
34.0,5.0,0.0,2
34.0,6.0,0.0,2
34.0,7.0,0.0,2
34.0,8.0,0.0,2
34.0,10.0,0.0,2
34.0,22.0,0.0,2
34.0,51.0,0.0,2
34.0,55.0,0.0,2
34.0,59.0,0.0,2
34.0,60.0,0.0,2
35.0,4.0,0.0,2
35.0,5.0,0.0,2
35.0,6.0,0.0,2
35.0,16.0,0.0,2
35.0,22.0,0.0,2
35.0,50.0,0.0,2
35.0,51.0,0.0,2
35.0,54.0,0.0,2
35.0,55.0,0.0,2
35.0,60.0,0.0,2
36.0,4.0,0.0,2
36.0,21.0,0.0,2
36.0,22.0,0.0,2
36.0,38.0,0.0,2
36.0,39.0,0.0,2
36.0,45.0,0.0,2
36.0,50.0,0.0,2
36.0,54.0,0.0,2
36.0,55.0,0.0,2
36.0,56.0,0.0,2
37.0,1.0,0.0,2
37.0,3.0,0.0,2
37.0,4.0,0.0,2
37.0,11.0,0.0,2
37.0,15.0,0.0,2
37.0,21.0,0.0,2
37.0,22.0,0.0,2
37.0,28.0,0.0,2
37.0,29.0,0.0,2
37.0,45.0,0.0,2
37.0,49.0,0.0,2
37.0,54.0,0.0,2
37.0,55.0,0.0,2
37.0,56.0,0.0,2
38.0,0.0,0.0,2
38.0,1.0,0.0,2
38.0,2.0,0.0,2
38.0,3.0,0.0,2
38.0,11.0,0.0,2
38.0,21.0,0.0,2
38.0,28.0,0.0,2
38.0,35.0,0.0,2
38.0,36.0,0.0,2
38.0,44.0,0.0,2
38.0,54.0,0.0,2
38.0,55.0,0.0,2
38.0,61.0,0.0,2
39.0,0.0,0.0,2
39.0,1.0,0.0,2
39.0,11.0,0.0,2
39.0,44.0,0.0,2
39.0,48.0,0.0,2
39.0,54.0,0.0,2
39.0,61.0,0.0,2
39.0,65.0,0.0,2
40.0,0.0,0.0,2
40.0,29.0,0.0,2
40.0,44.0,0.0,2
40.0,48.0,0.0,2
40.0,54.0,0.0,2
40.0,61.0,0.0,2
40.0,63.0,0.0,2
41.0,0.0,0.0,2
41.0,43.0,0.0,2
41.0,48.0,0.0,2
41.0,54.0,0.0,2
41.0,60.0,0.0,2
41.0,61.0,0.0,2
42.0,0.0,0.0,2
42.0,42.0,0.0,2
42.0,49.0,0.0,2
42.0,60.0,0.0,2
42.0,61.0,0.0,2
43.0,0.0,0.0,2
43.0,29.0,0.0,2
43.0,30.0,0.0,2
43.0,45.0,0.0,2
43.0,46.0,0.0,2
43.0,49.0,0.0,2
43.0,60.0,0.0,2
43.0,67.0,0.0,2
44.0,0.0,0.0,2
44.0,1.0,0.0,2
44.0,21.0,0.0,2
44.0,29.0,0.0,2
44.0,30.0,0.0,2
44.0,58.0,0.0,2
44.0,66.0,0.0,2
44.0,67.0,0.0,2
45.0,0.0,0.0,2
45.0,19.0,0.0,2
45.0,20.0,0.0,2
45.0,21.0,0.0,2
45.0,30.0,0.0,2
45.0,34.0,0.0,2
45.0,58.0,0.0,2
45.0,60.0,0.0,2
46.0,20.0,0.0,2
46.0,34.0,0.0,2
46.0,35.0,0.0,2
46.0,36.0,0.0,2
46.0,59.0,0.0,2
46.0,60.0,0.0,2
46.0,61.0,0.0,2
47.0,3.0,0.0,2
47.0,4.0,0.0,2
47.0,35.0,0.0,2
47.0,60.0,0.0,2
47.0,61.0,0.0,2
48.0,0.0,0.0,2
48.0,1.0,0.0,2
48.0,2.0,0.0,2
48.0,12.0,0.0,2
48.0,13.0,0.0,2
48.0,34.0,0.0,2
48.0,35.0,0.0,2
48.0,44.0,0.0,2
48.0,52.0,0.0,2
48.0,60.0,0.0,2
48.0,61.0,0.0,2
49.0,1.0,0.0,2
49.0,2.0,0.0,2
49.0,33.0,0.0,2
49.0,34.0,0.0,2
50.0,0.0,0.0,2
50.0,1.0,0.0,2
50.0,7.0,0.0,2
50.0,8.0,0.0,2
50.0,29.0,0.0,2
51.0,0.0,0.0,2
51.0,1.0,0.0,2
51.0,6.0,0.0,2
51.0,7.0,0.0,2
51.0,8.0,0.0,2
51.0,30.0,0.0,2
51.0,45.0,0.0,2
51.0,63.0,0.0,2
52.0,0.0,0.0,2
52.0,1.0,0.0,2
52.0,44.0,0.0,2
53.0,0.0,0.0,2
53.0,1.0,0.0,2
53.0,2.0,0.0,2
53.0,3.0,0.0,2
53.0,34.0,0.0,2
53.0,43.0,0.0,2
53.0,44.0,0.0,2
53.0,56.0,0.0,2
54.0,34.0,0.0,2
54.0,42.0,0.0,2
54.0,44.0,0.0,2
55.0,14.0,0.0,2
55.0,41.0,0.0,2
55.0,42.0,0.0,2
55.0,43.0,0.0,2
55.0,44.0,0.0,2
56.0,19.0,0.0,2
56.0,43.0,0.0,2
56.0,44.0,0.0,2
56.0,45.0,0.0,2
56.0,66.0,0.0,2
56.0,67.0,0.0,2
57.0,9.0,0.0,2
57.0,20.0,0.0,2
57.0,37.0,0.0,2
57.0,44.0,0.0,2
57.0,45.0,0.0,2
57.0,46.0,0.0,2
57.0,50.0,0.0,2
57.0,66.0,0.0,2
57.0,67.0,0.0,2
58.0,36.0,0.0,2
58.0,45.0,0.0,2
58.0,46.0,0.0,2
59.0,11.0,0.0,2
59.0,12.0,0.0,2
59.0,35.0,0.0,2
59.0,36.0,0.0,2
60.0,10.0,0.0,2
60.0,11.0,0.0,2
60.0,35.0,0.0,2
60.0,36.0,0.0,2
60.0,37.0,0.0,2
60.0,38.0,0.0,2
60.0,51.0,0.0,2
60.0,52.0,0.0,2
60.0,53.0,0.0,2
61.0,9.0,0.0,2
61.0,10.0,0.0,2
61.0,11.0,0.0,2
61.0,12.0,0.0,2
61.0,13.0,0.0,2
61.0,25.0,0.0,2
61.0,34.0,0.0,2
61.0,35.0,0.0,2
61.0,36.0,0.0,2
62.0,8.0,0.0,2
62.0,9.0,0.0,2
62.0,10.0,0.0,2
62.0,11.0,0.0,2
62.0,12.0,0.0,2
62.0,13.0,0.0,2
62.0,14.0,0.0,2
62.0,25.0,0.0,2
62.0,35.0,0.0,2
62.0,38.0,0.0,2
62.0,39.0,0.0,2
62.0,45.0,0.0,2
62.0,47.0,0.0,2
62.0,52.0,0.0,2
63.0,8.0,0.0,2
63.0,9.0,0.0,2
63.0,10.0,0.0,2
63.0,11.0,0.0,2
63.0,12.0,0.0,2
63.0,13.0,0.0,2
63.0,29.0,0.0,2
63.0,38.0,0.0,2
63.0,44.0,0.0,2
63.0,45.0,0.0,2
63.0,46.0,0.0,2
63.0,47.0,0.0,2
63.0,48.0,0.0,2
63.0,52.0,0.0,2
63.0,55.0,0.0,2
64.0,7.0,0.0,2
64.0,8.0,0.0,2
64.0,9.0,0.0,2
64.0,10.0,0.0,2
64.0,29.0,0.0,2
64.0,30.0,0.0,2
64.0,36.0,0.0,2
64.0,44.0,0.0,2
64.0,47.0,0.0,2
64.0,58.0,0.0,2
64.0,59.0,0.0,2
64.0,60.0,0.0,2
64.0,64.0,0.0,2
65.0,5.0,0.0,2
65.0,6.0,0.0,2
65.0,7.0,0.0,2
65.0,8.0,0.0,2
65.0,25.0,0.0,2
65.0,29.0,0.0,2
65.0,30.0,0.0,2
65.0,37.0,0.0,2
65.0,43.0,0.0,2
65.0,44.0,0.0,2
65.0,47.0,0.0,2
65.0,55.0,0.0,2
65.0,59.0,0.0,2
65.0,60.0,0.0,2
65.0,61.0,0.0,2
65.0,62.0,0.0,2
65.0,64.0,0.0,2
65.0,65.0,0.0,2
66.0,5.0,0.0,2
66.0,6.0,0.0,2
66.0,7.0,0.0,2
66.0,24.0,0.0,2
66.0,25.0,0.0,2
66.0,37.0,0.0,2
66.0,43.0,0.0,2
66.0,44.0,0.0,2
66.0,47.0,0.0,2
66.0,55.0,0.0,2
66.0,60.0,0.0,2
66.0,61.0,0.0,2
66.0,62.0,0.0,2
67.0,13.0,0.0,2
67.0,24.0,0.0,2
67.0,25.0,0.0,2
67.0,26.0,0.0,2
67.0,36.0,0.0,2
67.0,40.0,0.0,2
67.0,42.0,0.0,2
67.0,43.0,0.0,2
67.0,44.0,0.0,2
67.0,45.0,0.0,2
67.0,46.0,0.0,2
67.0,47.0,0.0,2
67.0,60.0,0.0,2
67.0,61.0,0.0,2
67.0,62.0,0.0,2
67.0,63.0,0.0,2
67.0,64.0,0.0,2
67.0,65.0,0.0,2
68.0,15.0,0.0,2
68.0,16.0,0.0,2
68.0,17.0,0.0,2
68.0,42.0,0.0,2
68.0,43.0,0.0,2
68.0,44.0,0.0,2
68.0,45.0,0.0,2
68.0,60.0,0.0,2
68.0,64.0,0.0,2
68.0,65.0,0.0,2
69.0,14.0,0.0,2
69.0,16.0,0.0,2
69.0,17.0,0.0,2
69.0,18.0,0.0,2
69.0,41.0,0.0,2
69.0,42.0,0.0,2
69.0,43.0,0.0,2
69.0,44.0,0.0,2
69.0,60.0,0.0,2
69.0,64.0,0.0,2
0.0,0.0,0.0,0
0.0,1.0,0.0,0
0.0,2.0,0.0,0
1.0,0.0,0.0,0
1.0,1.0,0.0,0
1.0,2.0,0.0,0
0.0,33.0,0.0,0
0.0,34.0,0.0,0
0.0,35.0,0.0,0
1.0,33.0,0.0,0
1.0,34.0,0.0,0
1.0,35.0,0.0,0
33.0,33.0,0.0,0
33.0,34.0,0.0,0
33.0,35.0,0.0,0
34.0,33.0,0.0,0
34.0,34.0,0.0,0
34.0,35.0,0.0,0
33.0,66.0,0.0,0
33.0,67.0,0.0,0
33.0,68.0,0.0,0
34.0,66.0,0.0,0
34.0,67.0,0.0,0
34.0,68.0,0.0,0
66.0,0.0,0.0,0
66.0,1.0,0.0,0
66.0,2.0,0.0,0
67.0,0.0,0.0,0
67.0,1.0,0.0,0
67.0,2.0,0.0,0
66.0,33.0,0.0,0
66.0,34.0,0.0,0
66.0,35.0,0.0,0
67.0,33.0,0.0,0
67.0,34.0,0.0,0
67.0,35.0,0.0,0
66.0,66.0,0.0,0
66.0,67.0,0.0,0
66.0,68.0,0.0,0
67.0,66.0,0.0,0
67.0,67.0,0.0,0
67.0,68.0,0.0,0
0.0,14.0,0.0,0
1.0,14.0,0.0,0
2.0,14.0,0.0,0
0.0,15.0,0.0,0
1.0,15.0,0.0,0
2.0,15.0,0.0,0
0.0,28.0,0.0,0
1.0,28.0,0.0,0
2.0,28.0,0.0,0
0.0,29.0,0.0,0
1.0,29.0,0.0,0
2.0,29.0,0.0,0
12.0,0.0,0.0,0
13.0,0.0,0.0,0
14.0,0.0,0.0,0
12.0,1.0,0.0,0
13.0,1.0,0.0,0
14.0,1.0,0.0,0
12.0,14.0,0.0,0
13.0,14.0,0.0,0
14.0,14.0,0.0,0
12.0,15.0,0.0,0
13.0,15.0,0.0,0
14.0,15.0,0.0,0
12.0,28.0,0.0,0
13.0,28.0,0.0,0
14.0,28.0,0.0,0
12.0,29.0,0.0,0
13.0,29.0,0.0,0
14.0,29.0,0.0,0
12.0,56.0,0.0,0
13.0,56.0,0.0,0
14.0,56.0,0.0,0
12.0,57.0,0.0,0
13.0,57.0,0.0,0
14.0,57.0,0.0,0
24.0,56.0,0.0,0
25.0,56.0,0.0,0
26.0,56.0,0.0,0
24.0,57.0,0.0,0
25.0,57.0,0.0,0
26.0,57.0,0.0,0
36.0,42.0,0.0,0
37.0,42.0,0.0,0
38.0,42.0,0.0,0
36.0,43.0,0.0,0
37.0,43.0,0.0,0
38.0,43.0,0.0,0
48.0,14.0,0.0,0
49.0,14.0,0.0,0
50.0,14.0,0.0,0
48.0,15.0,0.0,0
49.0,15.0,0.0,0
50.0,15.0,0.0,0
48.0,42.0,0.0,0
49.0,42.0,0.0,0
50.0,42.0,0.0,0
48.0,43.0,0.0,0
49.0,43.0,0.0,0
50.0,43.0,0.0,0
48.0,56.0,0.0,0
49.0,56.0,0.0,0
50.0,56.0,0.0,0
48.0,57.0,0.0,0
49.0,57.0,0.0,0
50.0,57.0,0.0,0
60.0,0.0,0.0,0
61.0,0.0,0.0,0
62.0,0.0,0.0,0
60.0,1.0,0.0,0
61.0,1.0,0.0,0
62.0,1.0,0.0,0
60.0,28.0,0.0,0
61.0,28.0,0.0,0
62.0,28.0,0.0,0
60.0,29.0,0.0,0
61.0,29.0,0.0,0
62.0,29.0,0.0,0
60.0,42.0,0.0,0
61.0,42.0,0.0,0
62.0,42.0,0.0,0
60.0,43.0,0.0,0
61.0,43.0,0.0,0
62.0,43.0,0.0,0
60.0,56.0,0.0,0
61.0,56.0,0.0,0
62.0,56.0,0.0,0
60.0,57.0,0.0,0
61.0,57.0,0.0,0
62.0,57.0,0.0,0
0.0,56.0,0.0,1
11.0,0.0,0.0,1
11.0,14.0,0.0,1
11.0,42.0,0.0,1
11.0,56.0,0.0,1
22.0,0.0,0.0,1
22.0,14.0,0.0,1
22.0,28.0,0.0,1
22.0,42.0,0.0,1
22.0,56.0,0.0,1
33.0,14.0,0.0,1
33.0,28.0,0.0,1
33.0,42.0,0.0,1
44.0,14.0,0.0,1
44.0,28.0,0.0,1
44.0,42.0,0.0,1
44.0,56.0,0.0,1
55.0,0.0,0.0,1
55.0,28.0,0.0,1
55.0,56.0,0.0,1
66.0,14.0,0.0,1
66.0,28.0,0.0,1
66.0,42.0,0.0,1
66.0,56.0,0.0,1
1.0,6.0,0.0,3
1.0,20.0,0.0,3
1.0,21.0,0.0,3
1.0,25.0,0.0,3
1.0,36.0,0.0,3
1.0,41.0,0.0,3
1.0,43.0,0.0,3
1.0,46.0,0.0,3
1.0,58.0,0.0,3
1.0,62.0,0.0,3
1.0,64.0,0.0,3
1.0,66.0,0.0,3
1.0,67.0,0.0,3
2.0,3.0,0.0,3
2.0,5.0,0.0,3
2.0,7.0,0.0,3
2.0,26.0,0.0,3
2.0,31.0,0.0,3
2.0,42.0,0.0,3
2.0,45.0,0.0,3
2.0,57.0,0.0,3
2.0,63.0,0.0,3
2.0,68.0,0.0,3
3.0,2.0,0.0,3
3.0,13.0,0.0,3
3.0,27.0,0.0,3
3.0,30.0,0.0,3
3.0,54.0,0.0,3
3.0,67.0,0.0,3
4.0,1.0,0.0,3
4.0,3.0,0.0,3
4.0,6.0,0.0,3
4.0,12.0,0.0,3
4.0,14.0,0.0,3
4.0,19.0,0.0,3
4.0,22.0,0.0,3
4.0,40.0,0.0,3
4.0,53.0,0.0,3
4.0,56.0,0.0,3
4.0,65.0,0.0,3
5.0,4.0,0.0,3
5.0,5.0,0.0,3
5.0,18.0,0.0,3
5.0,20.0,0.0,3
5.0,23.0,0.0,3
5.0,36.0,0.0,3
5.0,39.0,0.0,3
5.0,41.0,0.0,3
5.0,51.0,0.0,3
5.0,54.0,0.0,3
5.0,64.0,0.0,3
5.0,66.0,0.0,3
6.0,1.0,0.0,3
6.0,2.0,0.0,3
6.0,13.0,0.0,3
6.0,19.0,0.0,3
6.0,21.0,0.0,3
6.0,22.0,0.0,3
6.0,24.0,0.0,3
6.0,35.0,0.0,3
6.0,37.0,0.0,3
6.0,40.0,0.0,3
6.0,43.0,0.0,3
6.0,49.0,0.0,3
6.0,53.0,0.0,3
6.0,56.0,0.0,3
7.0,15.0,0.0,3
7.0,20.0,0.0,3
7.0,23.0,0.0,3
7.0,42.0,0.0,3
7.0,44.0,0.0,3
7.0,48.0,0.0,3
7.0,50.0,0.0,3
7.0,51.0,0.0,3
7.0,52.0,0.0,3
7.0,60.0,0.0,3
7.0,65.0,0.0,3
8.0,14.0,0.0,3
8.0,26.0,0.0,3
8.0,31.0,0.0,3
8.0,35.0,0.0,3
8.0,38.0,0.0,3
8.0,43.0,0.0,3
8.0,53.0,0.0,3
8.0,56.0,0.0,3
8.0,59.0,0.0,3
8.0,61.0,0.0,3
8.0,63.0,0.0,3
8.0,68.0,0.0,3
9.0,23.0,0.0,3
9.0,25.0,0.0,3
9.0,28.0,0.0,3
9.0,30.0,0.0,3
9.0,32.0,0.0,3
9.0,36.0,0.0,3
9.0,37.0,0.0,3
9.0,48.0,0.0,3
9.0,51.0,0.0,3
9.0,64.0,0.0,3
9.0,67.0,0.0,3
10.0,20.0,0.0,3
10.0,22.0,0.0,3
10.0,24.0,0.0,3
10.0,31.0,0.0,3
10.0,38.0,0.0,3
10.0,44.0,0.0,3
10.0,47.0,0.0,3
10.0,50.0,0.0,3
10.0,53.0,0.0,3
10.0,56.0,0.0,3
10.0,58.0,0.0,3
10.0,60.0,0.0,3
10.0,62.0,0.0,3
10.0,63.0,0.0,3
10.0,66.0,0.0,3
11.0,12.0,0.0,3
11.0,19.0,0.0,3
11.0,21.0,0.0,3
11.0,23.0,0.0,3
11.0,27.0,0.0,3
11.0,29.0,0.0,3
11.0,35.0,0.0,3
11.0,39.0,0.0,3
11.0,45.0,0.0,3
11.0,51.0,0.0,3
11.0,55.0,0.0,3
11.0,61.0,0.0,3
11.0,65.0,0.0,3
11.0,68.0,0.0,3
12.0,11.0,0.0,3
12.0,20.0,0.0,3
12.0,22.0,0.0,3
12.0,24.0,0.0,3
12.0,33.0,0.0,3
12.0,38.0,0.0,3
12.0,44.0,0.0,3
12.0,46.0,0.0,3
12.0,50.0,0.0,3
12.0,52.0,0.0,3
12.0,59.0,0.0,3
13.0,12.0,0.0,3
13.0,13.0,0.0,3
13.0,21.0,0.0,3
13.0,23.0,0.0,3
13.0,26.0,0.0,3
13.0,32.0,0.0,3
13.0,34.0,0.0,3
13.0,36.0,0.0,3
13.0,40.0,0.0,3
13.0,43.0,0.0,3
13.0,49.0,0.0,3
13.0,60.0,0.0,3
13.0,63.0,0.0,3
13.0,65.0,0.0,3
13.0,66.0,0.0,3
13.0,67.0,0.0,3
14.0,11.0,0.0,3
14.0,17.0,0.0,3
14.0,19.0,0.0,3
14.0,24.0,0.0,3
14.0,25.0,0.0,3
14.0,35.0,0.0,3
14.0,37.0,0.0,3
14.0,38.0,0.0,3
14.0,39.0,0.0,3
14.0,46.0,0.0,3
14.0,48.0,0.0,3
14.0,52.0,0.0,3
14.0,55.0,0.0,3
14.0,59.0,0.0,3
14.0,62.0,0.0,3
14.0,68.0,0.0,3
15.0,10.0,0.0,3
15.0,12.0,0.0,3
15.0,16.0,0.0,3
15.0,21.0,0.0,3
15.0,22.0,0.0,3
15.0,23.0,0.0,3
15.0,27.0,0.0,3
15.0,32.0,0.0,3
15.0,33.0,0.0,3
15.0,34.0,0.0,3
15.0,36.0,0.0,3
15.0,43.0,0.0,3
15.0,45.0,0.0,3
15.0,47.0,0.0,3
15.0,53.0,0.0,3
15.0,60.0,0.0,3
15.0,61.0,0.0,3
15.0,64.0,0.0,3
15.0,65.0,0.0,3
15.0,67.0,0.0,3
16.0,9.0,0.0,3
16.0,17.0,0.0,3
16.0,25.0,0.0,3
16.0,31.0,0.0,3
16.0,35.0,0.0,3
16.0,38.0,0.0,3
16.0,42.0,0.0,3
16.0,44.0,0.0,3
16.0,54.0,0.0,3
16.0,58.0,0.0,3
16.0,63.0,0.0,3
16.0,68.0,0.0,3
17.0,8.0,0.0,3
17.0,11.0,0.0,3
17.0,18.0,0.0,3
17.0,23.0,0.0,3
17.0,27.0,0.0,3
17.0,30.0,0.0,3
17.0,33.0,0.0,3
17.0,36.0,0.0,3
17.0,41.0,0.0,3
17.0,43.0,0.0,3
17.0,46.0,0.0,3
17.0,52.0,0.0,3
17.0,59.0,0.0,3
17.0,62.0,0.0,3
18.0,9.0,0.0,3
18.0,10.0,0.0,3
18.0,19.0,0.0,3
18.0,22.0,0.0,3
18.0,25.0,0.0,3
18.0,28.0,0.0,3
18.0,32.0,0.0,3
18.0,38.0,0.0,3
18.0,45.0,0.0,3
18.0,54.0,0.0,3
18.0,60.0,0.0,3
18.0,61.0,0.0,3
19.0,24.0,0.0,3
19.0,30.0,0.0,3
19.0,36.0,0.0,3
19.0,40.0,0.0,3
19.0,42.0,0.0,3
19.0,51.0,0.0,3
19.0,55.0,0.0,3
19.0,64.0,0.0,3
20.0,19.0,0.0,3
20.0,22.0,0.0,3
20.0,25.0,0.0,3
20.0,26.0,0.0,3
20.0,27.0,0.0,3
20.0,33.0,0.0,3
20.0,35.0,0.0,3
20.0,37.0,0.0,3
20.0,39.0,0.0,3
20.0,41.0,0.0,3
20.0,45.0,0.0,3
20.0,50.0,0.0,3
20.0,63.0,0.0,3
20.0,65.0,0.0,3
21.0,2.0,0.0,3
21.0,21.0,0.0,3
21.0,23.0,0.0,3
21.0,30.0,0.0,3
21.0,38.0,0.0,3
21.0,44.0,0.0,3
21.0,53.0,0.0,3
21.0,54.0,0.0,3
21.0,64.0,0.0,3
22.0,3.0,0.0,3
22.0,19.0,0.0,3
22.0,24.0,0.0,3
22.0,27.0,0.0,3
22.0,31.0,0.0,3
22.0,33.0,0.0,3
22.0,35.0,0.0,3
22.0,36.0,0.0,3
22.0,40.0,0.0,3
22.0,43.0,0.0,3
22.0,49.0,0.0,3
22.0,52.0,0.0,3
22.0,62.0,0.0,3
22.0,65.0,0.0,3
23.0,2.0,0.0,3
23.0,8.0,0.0,3
23.0,16.0,0.0,3
23.0,22.0,0.0,3
23.0,25.0,0.0,3
23.0,32.0,0.0,3
23.0,34.0,0.0,3
23.0,38.0,0.0,3
23.0,54.0,0.0,3
23.0,68.0,0.0,3
24.0,1.0,0.0,3
24.0,6.0,0.0,3
24.0,10.0,0.0,3
24.0,14.0,0.0,3
24.0,17.0,0.0,3
24.0,19.0,0.0,3
24.0,23.0,0.0,3
24.0,24.0,0.0,3
24.0,26.0,0.0,3
24.0,28.0,0.0,3
24.0,30.0,0.0,3
24.0,36.0,0.0,3
24.0,41.0,0.0,3
24.0,44.0,0.0,3
24.0,48.0,0.0,3
24.0,51.0,0.0,3
24.0,53.0,0.0,3
24.0,55.0,0.0,3
24.0,61.0,0.0,3
24.0,64.0,0.0,3
24.0,67.0,0.0,3
25.0,2.0,0.0,3
25.0,4.0,0.0,3
25.0,11.0,0.0,3
25.0,15.0,0.0,3
25.0,21.0,0.0,3
25.0,22.0,0.0,3
25.0,29.0,0.0,3
25.0,33.0,0.0,3
25.0,35.0,0.0,3
25.0,37.0,0.0,3
25.0,42.0,0.0,3
25.0,43.0,0.0,3
25.0,47.0,0.0,3
25.0,52.0,0.0,3
25.0,60.0,0.0,3
26.0,3.0,0.0,3
26.0,9.0,0.0,3
26.0,19.0,0.0,3
26.0,20.0,0.0,3
26.0,25.0,0.0,3
26.0,27.0,0.0,3
26.0,31.0,0.0,3
26.0,34.0,0.0,3
26.0,46.0,0.0,3
26.0,48.0,0.0,3
26.0,49.0,0.0,3
26.0,50.0,0.0,3
26.0,55.0,0.0,3
26.0,63.0,0.0,3
26.0,68.0,0.0,3
27.0,12.0,0.0,3
27.0,16.0,0.0,3
27.0,17.0,0.0,3
27.0,18.0,0.0,3
27.0,28.0,0.0,3
27.0,30.0,0.0,3
27.0,32.0,0.0,3
27.0,33.0,0.0,3
27.0,38.0,0.0,3
27.0,41.0,0.0,3
27.0,47.0,0.0,3
27.0,51.0,0.0,3
27.0,53.0,0.0,3
27.0,54.0,0.0,3
27.0,61.0,0.0,3
27.0,65.0,0.0,3
27.0,67.0,0.0,3
28.0,11.0,0.0,3
28.0,15.0,0.0,3
28.0,29.0,0.0,3
28.0,48.0,0.0,3
28.0,50.0,0.0,3
28.0,55.0,0.0,3
28.0,57.0,0.0,3
28.0,60.0,0.0,3
28.0,62.0,0.0,3
28.0,64.0,0.0,3
29.0,14.0,0.0,3
29.0,17.0,0.0,3
29.0,20.0,0.0,3
29.0,22.0,0.0,3
29.0,24.0,0.0,3
29.0,33.0,0.0,3
29.0,39.0,0.0,3
29.0,40.0,0.0,3
29.0,45.0,0.0,3
29.0,51.0,0.0,3
29.0,54.0,0.0,3
29.0,58.0,0.0,3
29.0,61.0,0.0,3
29.0,65.0,0.0,3
29.0,68.0,0.0,3
30.0,9.0,0.0,3
30.0,10.0,0.0,3
30.0,15.0,0.0,3
30.0,16.0,0.0,3
30.0,19.0,0.0,3
30.0,26.0,0.0,3
30.0,30.0,0.0,3
30.0,32.0,0.0,3
30.0,42.0,0.0,3
30.0,44.0,0.0,3
30.0,47.0,0.0,3
30.0,50.0,0.0,3
30.0,53.0,0.0,3
30.0,55.0,0.0,3
30.0,59.0,0.0,3
30.0,63.0,0.0,3
31.0,1.0,0.0,3
31.0,2.0,0.0,3
31.0,12.0,0.0,3
31.0,20.0,0.0,3
31.0,25.0,0.0,3
31.0,31.0,0.0,3
31.0,39.0,0.0,3
31.0,41.0,0.0,3
31.0,43.0,0.0,3
31.0,45.0,0.0,3
31.0,46.0,0.0,3
31.0,48.0,0.0,3
31.0,56.0,0.0,3
31.0,57.0,0.0,3
31.0,61.0,0.0,3
31.0,66.0,0.0,3
32.0,9.0,0.0,3
32.0,11.0,0.0,3
32.0,21.0,0.0,3
32.0,22.0,0.0,3
32.0,23.0,0.0,3
32.0,24.0,0.0,3
32.0,53.0,0.0,3
32.0,55.0,0.0,3
32.0,58.0,0.0,3
32.0,60.0,0.0,3
32.0,62.0,0.0,3
32.0,67.0,0.0,3
32.0,68.0,0.0,3
33.0,3.0,0.0,3
33.0,40.0,0.0,3
33.0,49.0,0.0,3
33.0,52.0,0.0,3
33.0,57.0,0.0,3
33.0,59.0,0.0,3
34.0,1.0,0.0,3
34.0,2.0,0.0,3
34.0,9.0,0.0,3
34.0,11.0,0.0,3
34.0,16.0,0.0,3
34.0,21.0,0.0,3
34.0,23.0,0.0,3
34.0,41.0,0.0,3
34.0,50.0,0.0,3
34.0,54.0,0.0,3
34.0,56.0,0.0,3
34.0,58.0,0.0,3
34.0,61.0,0.0,3
35.0,3.0,0.0,3
35.0,7.0,0.0,3
35.0,8.0,0.0,3
35.0,10.0,0.0,3
35.0,15.0,0.0,3
35.0,17.0,0.0,3
35.0,38.0,0.0,3
35.0,45.0,0.0,3
35.0,49.0,0.0,3
35.0,52.0,0.0,3
35.0,59.0,0.0,3
36.0,1.0,0.0,3
36.0,5.0,0.0,3
36.0,6.0,0.0,3
36.0,11.0,0.0,3
36.0,16.0,0.0,3
36.0,20.0,0.0,3
36.0,23.0,0.0,3
36.0,28.0,0.0,3
36.0,37.0,0.0,3
36.0,40.0,0.0,3
36.0,46.0,0.0,3
36.0,51.0,0.0,3
36.0,53.0,0.0,3
36.0,57.0,0.0,3
36.0,60.0,0.0,3
37.0,2.0,0.0,3
37.0,10.0,0.0,3
37.0,12.0,0.0,3
37.0,14.0,0.0,3
37.0,27.0,0.0,3
37.0,30.0,0.0,3
37.0,35.0,0.0,3
37.0,38.0,0.0,3
37.0,39.0,0.0,3
37.0,48.0,0.0,3
37.0,50.0,0.0,3
37.0,61.0,0.0,3
38.0,4.0,0.0,3
38.0,15.0,0.0,3
38.0,20.0,0.0,3
38.0,22.0,0.0,3
38.0,29.0,0.0,3
38.0,34.0,0.0,3
38.0,37.0,0.0,3
38.0,45.0,0.0,3
38.0,49.0,0.0,3
38.0,53.0,0.0,3
38.0,56.0,0.0,3
38.0,60.0,0.0,3
38.0,62.0,0.0,3
38.0,65.0,0.0,3
39.0,2.0,0.0,3
39.0,3.0,0.0,3
39.0,10.0,0.0,3
39.0,12.0,0.0,3
39.0,21.0,0.0,3
39.0,28.0,0.0,3
39.0,35.0,0.0,3
39.0,36.0,0.0,3
39.0,47.0,0.0,3
39.0,55.0,0.0,3
39.0,63.0,0.0,3
39.0,66.0,0.0,3
40.0,1.0,0.0,3
40.0,11.0,0.0,3
40.0,30.0,0.0,3
40.0,43.0,0.0,3
40.0,45.0,0.0,3
40.0,49.0,0.0,3
40.0,53.0,0.0,3
40.0,60.0,0.0,3
40.0,62.0,0.0,3
40.0,64.0,0.0,3
40.0,65.0,0.0,3
41.0,29.0,0.0,3
41.0,42.0,0.0,3
41.0,44.0,0.0,3
41.0,47.0,0.0,3
41.0,55.0,0.0,3
41.0,59.0,0.0,3
41.0,63.0,0.0,3
42.0,1.0,0.0,3
42.0,30.0,0.0,3
42.0,41.0,0.0,3
42.0,43.0,0.0,3
42.0,45.0,0.0,3
42.0,48.0,0.0,3
42.0,50.0,0.0,3
42.0,54.0,0.0,3
42.0,62.0,0.0,3
42.0,67.0,0.0,3
43.0,21.0,0.0,3
43.0,31.0,0.0,3
43.0,42.0,0.0,3
43.0,44.0,0.0,3
43.0,47.0,0.0,3
43.0,58.0,0.0,3
43.0,61.0,0.0,3
43.0,66.0,0.0,3
43.0,68.0,0.0,3
44.0,2.0,0.0,3
44.0,19.0,0.0,3
44.0,22.0,0.0,3
44.0,34.0,0.0,3
44.0,45.0,0.0,3
44.0,46.0,0.0,3
44.0,49.0,0.0,3
44.0,59.0,0.0,3
44.0,60.0,0.0,3
44.0,65.0,0.0,3
45.0,1.0,0.0,3
45.0,18.0,0.0,3
45.0,29.0,0.0,3
45.0,31.0,0.0,3
45.0,33.0,0.0,3
45.0,35.0,0.0,3
45.0,57.0,0.0,3
45.0,61.0,0.0,3
45.0,66.0,0.0,3
45.0,67.0,0.0,3
46.0,3.0,0.0,3
46.0,19.0,0.0,3
46.0,21.0,0.0,3
46.0,30.0,0.0,3
46.0,37.0,0.0,3
46.0,58.0,0.0,3
46.0,62.0,0.0,3
47.0,1.0,0.0,3
47.0,5.0,0.0,3
47.0,12.0,0.0,3
47.0,20.0,0.0,3
47.0,34.0,0.0,3
47.0,36.0,0.0,3
47.0,44.0,0.0,3
47.0,52.0,0.0,3
47.0,59.0,0.0,3
48.0,3.0,0.0,3
48.0,4.0,0.0,3
48.0,11.0,0.0,3
48.0,33.0,0.0,3
48.0,45.0,0.0,3
48.0,51.0,0.0,3
48.0,53.0,0.0,3
48.0,62.0,0.0,3
49.0,7.0,0.0,3
49.0,12.0,0.0,3
49.0,13.0,0.0,3
49.0,29.0,0.0,3
49.0,32.0,0.0,3
49.0,35.0,0.0,3
49.0,44.0,0.0,3
49.0,52.0,0.0,3
49.0,60.0,0.0,3
49.0,61.0,0.0,3
50.0,2.0,0.0,3
50.0,6.0,0.0,3
50.0,9.0,0.0,3
50.0,28.0,0.0,3
50.0,30.0,0.0,3
50.0,33.0,0.0,3
50.0,34.0,0.0,3
50.0,45.0,0.0,3
50.0,63.0,0.0,3
51.0,5.0,0.0,3
51.0,29.0,0.0,3
51.0,31.0,0.0,3
51.0,44.0,0.0,3
51.0,46.0,0.0,3
51.0,62.0,0.0,3
51.0,64.0,0.0,3
52.0,2.0,0.0,3
52.0,6.0,0.0,3
52.0,7.0,0.0,3
52.0,8.0,0.0,3
52.0,30.0,0.0,3
52.0,34.0,0.0,3
52.0,43.0,0.0,3
52.0,45.0,0.0,3
52.0,56.0,0.0,3
52.0,63.0,0.0,3
53.0,4.0,0.0,3
53.0,33.0,0.0,3
53.0,35.0,0.0,3
53.0,42.0,0.0,3
53.0,55.0,0.0,3
53.0,57.0,0.0,3
54.0,1.0,0.0,3
54.0,2.0,0.0,3
54.0,3.0,0.0,3
54.0,14.0,0.0,3
54.0,41.0,0.0,3
54.0,43.0,0.0,3
54.0,45.0,0.0,3
54.0,56.0,0.0,3
55.0,13.0,0.0,3
55.0,15.0,0.0,3
55.0,19.0,0.0,3
55.0,34.0,0.0,3
55.0,40.0,0.0,3
55.0,66.0,0.0,3
56.0,9.0,0.0,3
56.0,14.0,0.0,3
56.0,18.0,0.0,3
56.0,20.0,0.0,3
56.0,37.0,0.0,3
56.0,41.0,0.0,3
56.0,42.0,0.0,3
56.0,46.0,0.0,3
56.0,50.0,0.0,3
56.0,65.0,0.0,3
56.0,68.0,0.0,3
57.0,8.0,0.0,3
57.0,10.0,0.0,3
57.0,19.0,0.0,3
57.0,21.0,0.0,3
57.0,36.0,0.0,3
57.0,38.0,0.0,3
57.0,43.0,0.0,3
57.0,47.0,0.0,3
57.0,49.0,0.0,3
57.0,51.0,0.0,3
58.0,9.0,0.0,3
58.0,11.0,0.0,3
58.0,20.0,0.0,3
58.0,35.0,0.0,3
58.0,37.0,0.0,3
58.0,44.0,0.0,3
58.0,50.0,0.0,3
58.0,66.0,0.0,3
58.0,67.0,0.0,3
59.0,10.0,0.0,3
59.0,13.0,0.0,3
59.0,34.0,0.0,3
59.0,38.0,0.0,3
59.0,45.0,0.0,3
59.0,46.0,0.0,3
59.0,51.0,0.0,3
59.0,53.0,0.0,3
60.0,9.0,0.0,3
60.0,12.0,0.0,3
60.0,25.0,0.0,3
60.0,39.0,0.0,3
60.0,50.0,0.0,3
60.0,54.0,0.0,3
61.0,8.0,0.0,3
61.0,14.0,0.0,3
61.0,24.0,0.0,3
61.0,26.0,0.0,3
61.0,33.0,0.0,3
61.0,37.0,0.0,3
61.0,38.0,0.0,3
61.0,45.0,0.0,3
61.0,47.0,0.0,3
61.0,51.0,0.0,3
61.0,52.0,0.0,3
61.0,53.0,0.0,3
62.0,7.0,0.0,3
62.0,15.0,0.0,3
62.0,34.0,0.0,3
62.0,36.0,0.0,3
62.0,40.0,0.0,3
62.0,46.0,0.0,3
62.0,48.0,0.0,3
62.0,55.0,0.0,3
63.0,14.0,0.0,3
63.0,25.0,0.0,3
63.0,30.0,0.0,3
63.0,35.0,0.0,3
63.0,37.0,0.0,3
63.0,39.0,0.0,3
63.0,49.0,0.0,3
63.0,51.0,0.0,3
63.0,53.0,0.0,3
63.0,58.0,0.0,3
63.0,60.0,0.0,3
63.0,64.0,0.0,3
64.0,5.0,0.0,3
64.0,11.0,0.0,3
64.0,12.0,0.0,3
64.0,13.0,0.0,3
64.0,28.0,0.0,3
64.0,31.0,0.0,3
64.0,38.0,0.0,3
64.0,43.0,0.0,3
64.0,45.0,0.0,3
64.0,46.0,0.0,3
64.0,48.0,0.0,3
64.0,52.0,0.0,3
64.0,55.0,0.0,3
64.0,57.0,0.0,3
64.0,61.0,0.0,3
64.0,63.0,0.0,3
64.0,65.0,0.0,3
65.0,4.0,0.0,3
65.0,9.0,0.0,3
65.0,10.0,0.0,3
65.0,24.0,0.0,3
65.0,26.0,0.0,3
65.0,36.0,0.0,3
65.0,54.0,0.0,3
65.0,56.0,0.0,3
65.0,58.0,0.0,3
65.0,66.0,0.0,3
66.0,8.0,0.0,3
66.0,13.0,0.0,3
66.0,23.0,0.0,3
66.0,29.0,0.0,3
66.0,30.0,0.0,3
66.0,38.0,0.0,3
66.0,40.0,0.0,3
66.0,45.0,0.0,3
66.0,48.0,0.0,3
66.0,59.0,0.0,3
66.0,63.0,0.0,3
66.0,64.0,0.0,3
66.0,65.0,0.0,3
67.0,5.0,0.0,3
67.0,6.0,0.0,3
67.0,7.0,0.0,3
67.0,12.0,0.0,3
67.0,15.0,0.0,3
67.0,17.0,0.0,3
67.0,27.0,0.0,3
67.0,37.0,0.0,3
67.0,39.0,0.0,3
67.0,41.0,0.0,3
67.0,55.0,0.0,3
68.0,13.0,0.0,3
68.0,18.0,0.0,3
68.0,24.0,0.0,3
68.0,25.0,0.0,3
68.0,26.0,0.0,3
68.0,36.0,0.0,3
68.0,40.0,0.0,3
68.0,46.0,0.0,3
68.0,47.0,0.0,3
68.0,59.0,0.0,3
68.0,61.0,0.0,3
68.0,62.0,0.0,3
68.0,63.0,0.0,3
1.0,3.0,0.0,3
1.0,5.0,0.0,3
1.0,7.0,0.0,3
1.0,16.0,0.0,3
1.0,30.0,0.0,3
1.0,31.0,0.0,3
2.0,2.0,0.0,3
2.0,4.0,0.0,3
2.0,13.0,0.0,3
3.0,1.0,0.0,3
3.0,12.0,0.0,3
3.0,14.0,0.0,3
3.0,19.0,0.0,3
3.0,22.0,0.0,3
4.0,2.0,0.0,3
4.0,18.0,0.0,3
4.0,20.0,0.0,3
4.0,23.0,0.0,3
5.0,12.0,0.0,3
5.0,21.0,0.0,3
5.0,24.0,0.0,3
6.0,14.0,0.0,3
6.0,15.0,0.0,3
7.0,13.0,0.0,3
7.0,26.0,0.0,3
7.0,31.0,0.0,3
8.0,23.0,0.0,3
8.0,25.0,0.0,3
8.0,27.0,0.0,3
8.0,28.0,0.0,3
8.0,30.0,0.0,3
8.0,32.0,0.0,3
9.0,20.0,0.0,3
9.0,22.0,0.0,3
9.0,24.0,0.0,3
10.0,12.0,0.0,3
10.0,19.0,0.0,3
10.0,21.0,0.0,3
10.0,25.0,0.0,3
10.0,28.0,0.0,3
10.0,29.0,0.0,3
11.0,11.0,0.0,3
11.0,13.0,0.0,3
11.0,22.0,0.0,3
11.0,33.0,0.0,3
12.0,2.0,0.0,3
12.0,16.0,0.0,3
12.0,23.0,0.0,3
12.0,30.0,0.0,3
12.0,32.0,0.0,3
13.0,11.0,0.0,3
13.0,17.0,0.0,3
13.0,19.0,0.0,3
13.0,20.0,0.0,3
13.0,22.0,0.0,3
13.0,24.0,0.0,3
14.0,2.0,0.0,3
14.0,10.0,0.0,3
14.0,12.0,0.0,3
14.0,16.0,0.0,3
14.0,18.0,0.0,3
14.0,21.0,0.0,3
14.0,26.0,0.0,3
14.0,27.0,0.0,3
14.0,30.0,0.0,3
14.0,32.0,0.0,3
15.0,9.0,0.0,3
15.0,19.0,0.0,3
15.0,25.0,0.0,3
15.0,31.0,0.0,3
16.0,8.0,0.0,3
16.0,22.0,0.0,3
16.0,23.0,0.0,3
16.0,27.0,0.0,3
16.0,30.0,0.0,3
16.0,33.0,0.0,3
17.0,25.0,0.0,3
17.0,28.0,0.0,3
18.0,23.0,0.0,3
18.0,24.0,0.0,3
18.0,30.0,0.0,3
19.0,19.0,0.0,3
19.0,22.0,0.0,3
19.0,25.0,0.0,3
19.0,32.0,0.0,3
19.0,33.0,0.0,3
20.0,2.0,0.0,3
20.0,30.0,0.0,3
21.0,3.0,0.0,3
21.0,19.0,0.0,3
21.0,26.0,0.0,3
21.0,27.0,0.0,3
21.0,33.0,0.0,3
22.0,1.0,0.0,3
22.0,8.0,0.0,3
22.0,15.0,0.0,3
22.0,16.0,0.0,3
22.0,21.0,0.0,3
22.0,22.0,0.0,3
23.0,6.0,0.0,3
23.0,9.0,0.0,3
23.0,10.0,0.0,3
23.0,14.0,0.0,3
23.0,17.0,0.0,3
23.0,19.0,0.0,3
23.0,23.0,0.0,3
23.0,27.0,0.0,3
23.0,28.0,0.0,3
23.0,30.0,0.0,3
23.0,31.0,0.0,3
24.0,2.0,0.0,3
24.0,4.0,0.0,3
24.0,7.0,0.0,3
24.0,11.0,0.0,3
24.0,18.0,0.0,3
24.0,25.0,0.0,3
24.0,29.0,0.0,3
24.0,32.0,0.0,3
24.0,33.0,0.0,3
25.0,3.0,0.0,3
25.0,5.0,0.0,3
25.0,24.0,0.0,3
25.0,26.0,0.0,3
25.0,30.0,0.0,3
26.0,11.0,0.0,3
26.0,12.0,0.0,3
26.0,15.0,0.0,3
26.0,29.0,0.0,3
26.0,30.0,0.0,3
27.0,15.0,0.0,3
27.0,31.0,0.0,3
28.0,14.0,0.0,3
28.0,20.0,0.0,3
28.0,22.0,0.0,3
28.0,24.0,0.0,3
28.0,32.0,0.0,3
28.0,33.0,0.0,3
29.0,19.0,0.0,3
29.0,21.0,0.0,3
29.0,23.0,0.0,3
29.0,25.0,0.0,3
29.0,26.0,0.0,3
29.0,29.0,0.0,3
30.0,11.0,0.0,3
30.0,12.0,0.0,3
31.0,9.0,0.0,3
31.0,10.0,0.0,3
32.0,2.0,0.0,3
33.0,9.0,0.0,3
33.0,11.0,0.0,3
33.0,16.0,0.0,3
33.0,21.0,0.0,3
33.0,22.0,0.0,3
33.0,23.0,0.0,3
35.0,11.0,0.0,3
35.0,20.0,0.0,3
35.0,21.0,0.0,3
35.0,23.0,0.0,3
35.0,28.0,0.0,3
35.0,37.0,0.0,3
35.0,39.0,0.0,3
35.0,40.0,0.0,3
35.0,46.0,0.0,3
35.0,53.0,0.0,3
35.0,56.0,0.0,3
35.0,57.0,0.0,3
36.0,3.0,0.0,3
36.0,10.0,0.0,3
36.0,12.0,0.0,3
36.0,14.0,0.0,3
36.0,15.0,0.0,3
36.0,27.0,0.0,3
36.0,29.0,0.0,3
36.0,30.0,0.0,3
36.0,35.0,0.0,3
36.0,41.0,0.0,3
36.0,44.0,0.0,3
36.0,48.0,0.0,3
36.0,49.0,0.0,3
36.0,61.0,0.0,3
37.0,20.0,0.0,3
37.0,34.0,0.0,3
37.0,36.0,0.0,3
37.0,37.0,0.0,3
37.0,41.0,0.0,3
37.0,44.0,0.0,3
37.0,53.0,0.0,3
37.0,60.0,0.0,3
37.0,62.0,0.0,3
37.0,65.0,0.0,3
38.0,10.0,0.0,3
38.0,12.0,0.0,3
38.0,27.0,0.0,3
38.0,41.0,0.0,3
38.0,47.0,0.0,3
38.0,48.0,0.0,3
38.0,63.0,0.0,3
38.0,66.0,0.0,3
39.0,29.0,0.0,3
39.0,30.0,0.0,3
39.0,43.0,0.0,3
39.0,45.0,0.0,3
39.0,49.0,0.0,3
39.0,53.0,0.0,3
39.0,60.0,0.0,3
39.0,62.0,0.0,3
39.0,64.0,0.0,3
40.0,28.0,0.0,3
40.0,42.0,0.0,3
40.0,47.0,0.0,3
40.0,55.0,0.0,3
40.0,59.0,0.0,3
41.0,30.0,0.0,3
41.0,41.0,0.0,3
41.0,45.0,0.0,3
41.0,49.0,0.0,3
41.0,50.0,0.0,3
41.0,53.0,0.0,3
41.0,62.0,0.0,3
41.0,67.0,0.0,3
42.0,21.0,0.0,3
42.0,29.0,0.0,3
42.0,31.0,0.0,3
42.0,44.0,0.0,3
42.0,46.0,0.0,3
42.0,47.0,0.0,3
42.0,58.0,0.0,3
42.0,59.0,0.0,3
42.0,66.0,0.0,3
42.0,68.0,0.0,3
43.0,19.0,0.0,3
43.0,22.0,0.0,3
43.0,34.0,0.0,3
43.0,48.0,0.0,3
43.0,59.0,0.0,3
43.0,65.0,0.0,3
44.0,18.0,0.0,3
44.0,20.0,0.0,3
44.0,31.0,0.0,3
44.0,33.0,0.0,3
44.0,35.0,0.0,3
44.0,57.0,0.0,3
44.0,61.0,0.0,3
45.0,3.0,0.0,3
45.0,36.0,0.0,3
45.0,37.0,0.0,3
45.0,59.0,0.0,3
45.0,62.0,0.0,3
46.0,4.0,0.0,3
46.0,5.0,0.0,3
46.0,12.0,0.0,3
46.0,33.0,0.0,3
46.0,44.0,0.0,3
46.0,52.0,0.0,3
47.0,11.0,0.0,3
47.0,13.0,0.0,3
47.0,33.0,0.0,3
47.0,45.0,0.0,3
47.0,51.0,0.0,3
47.0,53.0,0.0,3
47.0,62.0,0.0,3
48.0,7.0,0.0,3
48.0,29.0,0.0,3
48.0,32.0,0.0,3
48.0,41.0,0.0,3
48.0,55.0,0.0,3
48.0,59.0,0.0,3
49.0,6.0,0.0,3
49.0,8.0,0.0,3
49.0,9.0,0.0,3
49.0,28.0,0.0,3
49.0,30.0,0.0,3
49.0,41.0,0.0,3
49.0,45.0,0.0,3
49.0,55.0,0.0,3
49.0,63.0,0.0,3
50.0,5.0,0.0,3
50.0,13.0,0.0,3
50.0,31.0,0.0,3
50.0,41.0,0.0,3
50.0,44.0,0.0,3
50.0,46.0,0.0,3
50.0,55.0,0.0,3
50.0,62.0,0.0,3
50.0,64.0,0.0,3
51.0,34.0,0.0,3
51.0,43.0,0.0,3
51.0,56.0,0.0,3
52.0,3.0,0.0,3
52.0,4.0,0.0,3
52.0,33.0,0.0,3
52.0,35.0,0.0,3
52.0,42.0,0.0,3
52.0,55.0,0.0,3
52.0,57.0,0.0,3
53.0,14.0,0.0,3
53.0,41.0,0.0,3
53.0,45.0,0.0,3
54.0,13.0,0.0,3
54.0,15.0,0.0,3
54.0,19.0,0.0,3
54.0,33.0,0.0,3
54.0,40.0,0.0,3
54.0,66.0,0.0,3
55.0,9.0,0.0,3
55.0,18.0,0.0,3
55.0,20.0,0.0,3
55.0,37.0,0.0,3
55.0,45.0,0.0,3
55.0,46.0,0.0,3
55.0,50.0,0.0,3
55.0,65.0,0.0,3
55.0,67.0,0.0,3
55.0,68.0,0.0,3
56.0,8.0,0.0,3
56.0,10.0,0.0,3
56.0,21.0,0.0,3
56.0,36.0,0.0,3
56.0,38.0,0.0,3
56.0,47.0,0.0,3
56.0,49.0,0.0,3
56.0,51.0,0.0,3
57.0,11.0,0.0,3
57.0,35.0,0.0,3
57.0,65.0,0.0,3
58.0,10.0,0.0,3
58.0,12.0,0.0,3
58.0,13.0,0.0,3
58.0,34.0,0.0,3
58.0,38.0,0.0,3
58.0,51.0,0.0,3
58.0,53.0,0.0,3
59.0,9.0,0.0,3
59.0,25.0,0.0,3
59.0,37.0,0.0,3
59.0,39.0,0.0,3
59.0,50.0,0.0,3
59.0,52.0,0.0,3
59.0,54.0,0.0,3
60.0,8.0,0.0,3
60.0,13.0,0.0,3
60.0,14.0,0.0,3
60.0,24.0,0.0,3
60.0,26.0,0.0,3
60.0,27.0,0.0,3
60.0,33.0,0.0,3
60.0,34.0,0.0,3
60.0,41.0,0.0,3
60.0,45.0,0.0,3
60.0,47.0,0.0,3
60.0,55.0,0.0,3
61.0,7.0,0.0,3
61.0,15.0,0.0,3
61.0,27.0,0.0,3
61.0,39.0,0.0,3
61.0,40.0,0.0,3
61.0,41.0,0.0,3
61.0,46.0,0.0,3
61.0,48.0,0.0,3
61.0,55.0,0.0,3
62.0,24.0,0.0,3
62.0,27.0,0.0,3
62.0,30.0,0.0,3
62.0,37.0,0.0,3
62.0,41.0,0.0,3
62.0,44.0,0.0,3
62.0,49.0,0.0,3
62.0,51.0,0.0,3
62.0,53.0,0.0,3
62.0,58.0,0.0,3
62.0,60.0,0.0,3
62.0,64.0,0.0,3
63.0,5.0,0.0,3
63.0,7.0,0.0,3
63.0,28.0,0.0,3
63.0,31.0,0.0,3
63.0,36.0,0.0,3
63.0,43.0,0.0,3
63.0,54.0,0.0,3
63.0,57.0,0.0,3
63.0,59.0,0.0,3
63.0,61.0,0.0,3
63.0,63.0,0.0,3
63.0,65.0,0.0,3
64.0,4.0,0.0,3
64.0,6.0,0.0,3
64.0,24.0,0.0,3
64.0,25.0,0.0,3
64.0,26.0,0.0,3
64.0,35.0,0.0,3
64.0,37.0,0.0,3
64.0,54.0,0.0,3
64.0,56.0,0.0,3
64.0,62.0,0.0,3
64.0,66.0,0.0,3
65.0,13.0,0.0,3
65.0,23.0,0.0,3
65.0,38.0,0.0,3
65.0,40.0,0.0,3
65.0,45.0,0.0,3
65.0,46.0,0.0,3
65.0,48.0,0.0,3
65.0,63.0,0.0,3
66.0,4.0,0.0,3
66.0,12.0,0.0,3
66.0,15.0,0.0,3
66.0,17.0,0.0,3
66.0,26.0,0.0,3
66.0,27.0,0.0,3
66.0,32.0,0.0,3
66.0,36.0,0.0,3
66.0,39.0,0.0,3
66.0,41.0,0.0,3
66.0,46.0,0.0,3
66.0,54.0,0.0,3
67.0,16.0,0.0,3
67.0,18.0,0.0,3
67.0,23.0,0.0,3
67.0,32.0,0.0,3
67.0,59.0,0.0,3
68.0,14.0,0.0,3
68.0,41.0,0.0,3
1.0,40.0,0.0,3
1.0,44.0,0.0,3
1.0,56.0,0.0,3
1.0,61.0,0.0,3
1.0,65.0,0.0,3
2.0,41.0,0.0,3
2.0,44.0,0.0,3
2.0,56.0,0.0,3
2.0,62.0,0.0,3
2.0,66.0,0.0,3
3.0,55.0,0.0,3
3.0,66.0,0.0,3
4.0,52.0,0.0,3
5.0,38.0,0.0,3
5.0,50.0,0.0,3
5.0,52.0,0.0,3
5.0,63.0,0.0,3
6.0,34.0,0.0,3
6.0,39.0,0.0,3
6.0,64.0,0.0,3
7.0,37.0,0.0,3
7.0,41.0,0.0,3
7.0,47.0,0.0,3
7.0,64.0,0.0,3
8.0,34.0,0.0,3
8.0,42.0,0.0,3
8.0,50.0,0.0,3
8.0,52.0,0.0,3
8.0,58.0,0.0,3
8.0,62.0,0.0,3
9.0,35.0,0.0,3
9.0,59.0,0.0,3
9.0,61.0,0.0,3
10.0,37.0,0.0,3
10.0,43.0,0.0,3
10.0,46.0,0.0,3
10.0,52.0,0.0,3
10.0,57.0,0.0,3
11.0,34.0,0.0,3
11.0,36.0,0.0,3
11.0,43.0,0.0,3
11.0,47.0,0.0,3
11.0,58.0,0.0,3
11.0,60.0,0.0,3
11.0,64.0,0.0,3
12.0,39.0,0.0,3
12.0,42.0,0.0,3
12.0,45.0,0.0,3
12.0,51.0,0.0,3
12.0,58.0,0.0,3
13.0,42.0,0.0,3
13.0,58.0,0.0,3
13.0,61.0,0.0,3
13.0,64.0,0.0,3
14.0,51.0,0.0,3
15.0,37.0,0.0,3
15.0,46.0,0.0,3
15.0,52.0,0.0,3
15.0,57.0,0.0,3
15.0,59.0,0.0,3
15.0,62.0,0.0,3
15.0,66.0,0.0,3
16.0,34.0,0.0,3
16.0,53.0,0.0,3
16.0,57.0,0.0,3
16.0,60.0,0.0,3
16.0,61.0,0.0,3
16.0,67.0,0.0,3
17.0,35.0,0.0,3
17.0,40.0,0.0,3
17.0,44.0,0.0,3
17.0,51.0,0.0,3
17.0,58.0,0.0,3
18.0,41.0,0.0,3
18.0,43.0,0.0,3
18.0,52.0,0.0,3
18.0,59.0,0.0,3
19.0,43.0,0.0,3
20.0,34.0,0.0,3
20.0,42.0,0.0,3
20.0,49.0,0.0,3
20.0,62.0,0.0,3
21.0,37.0,0.0,3
21.0,50.0,0.0,3
21.0,55.0,0.0,3
21.0,63.0,0.0,3
22.0,48.0,0.0,3
22.0,61.0,0.0,3
23.0,37.0,0.0,3
23.0,40.0,0.0,3
23.0,43.0,0.0,3
23.0,49.0,0.0,3
23.0,62.0,0.0,3
24.0,34.0,0.0,3
24.0,54.0,0.0,3
24.0,66.0,0.0,3
25.0,36.0,0.0,3
25.0,51.0,0.0,3
25.0,59.0,0.0,3
25.0,67.0,0.0,3
26.0,37.0,0.0,3
26.0,45.0,0.0,3
26.0,52.0,0.0,3
26.0,60.0,0.0,3
27.0,37.0,0.0,3
27.0,46.0,0.0,3
27.0,56.0,0.0,3
27.0,66.0,0.0,3
28.0,38.0,0.0,3
28.0,47.0,0.0,3
28.0,53.0,0.0,3
28.0,59.0,0.0,3
28.0,63.0,0.0,3
29.0,38.0,0.0,3
29.0,46.0,0.0,3
29.0,48.0,0.0,3
29.0,60.0,0.0,3
29.0,62.0,0.0,3
29.0,64.0,0.0,3
30.0,40.0,0.0,3
30.0,51.0,0.0,3
30.0,54.0,0.0,3
30.0,65.0,0.0,3
31.0,38.0,0.0,3
31.0,44.0,0.0,3
31.0,47.0,0.0,3
31.0,50.0,0.0,3
31.0,65.0,0.0,3
32.0,39.0,0.0,3
32.0,48.0,0.0,3
32.0,54.0,0.0,3
32.0,61.0,0.0,3
33.0,39.0,0.0,3
33.0,48.0,0.0,3
33.0,55.0,0.0,3
35.0,36.0,0.0,3
35.0,58.0,0.0,3
36.0,47.0,0.0,3
36.0,52.0,0.0,3
36.0,59.0,0.0,3
37.0,40.0,0.0,3
37.0,52.0,0.0,3
37.0,59.0,0.0,3
37.0,64.0,0.0,3
38.0,40.0,0.0,3
38.0,46.0,0.0,3
38.0,52.0,0.0,3
38.0,59.0,0.0,3
39.0,34.0,0.0,3
39.0,46.0,0.0,3
39.0,52.0,0.0,3
40.0,46.0,0.0,3
40.0,52.0,0.0,3
40.0,58.0,0.0,3
41.0,40.0,0.0,3
41.0,52.0,0.0,3
42.0,40.0,0.0,3
42.0,53.0,0.0,3
42.0,57.0,0.0,3
43.0,41.0,0.0,3
43.0,43.0,0.0,3
43.0,64.0,0.0,3
44.0,44.0,0.0,3
44.0,48.0,0.0,3
44.0,64.0,0.0,3
45.0,56.0,0.0,3
45.0,65.0,0.0,3
46.0,43.0,0.0,3
46.0,57.0,0.0,3
47.0,50.0,0.0,3
47.0,58.0,0.0,3
48.0,40.0,0.0,3
48.0,50.0,0.0,3
48.0,54.0,0.0,3
48.0,58.0,0.0,3
49.0,40.0,0.0,3
49.0,51.0,0.0,3
49.0,54.0,0.0,3
49.0,59.0,0.0,3
50.0,40.0,0.0,3
50.0,54.0,0.0,3
50.0,61.0,0.0,3
51.0,61.0,0.0,3
52.0,54.0,0.0,3
52.0,62.0,0.0,3
53.0,54.0,0.0,3
54.0,39.0,0.0,3
54.0,55.0,0.0,3
55.0,39.0,0.0,3
55.0,64.0,0.0,3
56.0,40.0,0.0,3
56.0,48.0,0.0,3
56.0,64.0,0.0,3
57.0,42.0,0.0,3
57.0,48.0,0.0,3
57.0,64.0,0.0,3
58.0,43.0,0.0,3
58.0,49.0,0.0,3
58.0,65.0,0.0,3
59.0,44.0,0.0,3
59.0,49.0,0.0,3
60.0,44.0,0.0,3
60.0,49.0,0.0,3
61.0,50.0,0.0,3
61.0,54.0,0.0,3
62.0,50.0,0.0,3
63.0,34.0,0.0,3
63.0,42.0,0.0,3
63.0,50.0,0.0,3
64.0,34.0,0.0,3
64.0,42.0,0.0,3
64.0,51.0,0.0,3
64.0,53.0,0.0,3
65.0,53.0,0.0,3
65.0,57.0,0.0,3
66.0,53.0,0.0,3
66.0,58.0,0.0,3
67.0,38.0,0.0,3
67.0,54.0,0.0,3
67.0,58.0,0.0,3
68.0,35.0,0.0,3
68.0,39.0,0.0,3
68.0,58.0,0.0,3
1.0,32.0,0.0,3
2.0,16.0,0.0,3
2.0,20.0,0.0,3
2.0,21.0,0.0,3
2.0,32.0,0.0,3
2.0,36.0,0.0,3
3.0,16.0,0.0,3
3.0,31.0,0.0,3
3.0,32.0,0.0,3
3.0,36.0,0.0,3
4.0,16.0,0.0,3
4.0,27.0,0.0,3
4.0,30.0,0.0,3
4.0,31.0,0.0,3
4.0,32.0,0.0,3
5.0,16.0,0.0,3
5.0,27.0,0.0,3
5.0,30.0,0.0,3
5.0,31.0,0.0,3
5.0,32.0,0.0,3
6.0,16.0,0.0,3
6.0,27.0,0.0,3
6.0,30.0,0.0,3
6.0,32.0,0.0,3
7.0,16.0,0.0,3
7.0,21.0,0.0,3
7.0,24.0,0.0,3
8.0,15.0,0.0,3
8.0,16.0,0.0,3
8.0,21.0,0.0,3
9.0,14.0,0.0,3
9.0,15.0,0.0,3
9.0,16.0,0.0,3
10.0,15.0,0.0,3
10.0,16.0,0.0,3
10.0,32.0,0.0,3
11.0,31.0,0.0,3
12.0,27.0,0.0,3
14.0,13.0,0.0,3
15.0,13.0,0.0,3
16.0,12.0,0.0,3
16.0,13.0,0.0,3
17.0,12.0,0.0,3
17.0,13.0,0.0,3
18.0,11.0,0.0,3
18.0,12.0,0.0,3
18.0,13.0,0.0,3
18.0,35.0,0.0,3
19.0,10.0,0.0,3
19.0,11.0,0.0,3
19.0,12.0,0.0,3
19.0,13.0,0.0,3
19.0,28.0,0.0,3
19.0,38.0,0.0,3
20.0,10.0,0.0,3
20.0,11.0,0.0,3
20.0,12.0,0.0,3
20.0,13.0,0.0,3
20.0,28.0,0.0,3
21.0,10.0,0.0,3
21.0,11.0,0.0,3
21.0,12.0,0.0,3
21.0,13.0,0.0,3
21.0,34.0,0.0,3
22.0,11.0,0.0,3
22.0,12.0,0.0,3
23.0,12.0,0.0,3
24.0,12.0,0.0,3
26.0,21.0,0.0,3
26.0,22.0,0.0,3
26.0,35.0,0.0,3
27.0,19.0,0.0,3
27.0,21.0,0.0,3
27.0,25.0,0.0,3
27.0,34.0,0.0,3
27.0,35.0,0.0,3
28.0,12.0,0.0,3
28.0,18.0,0.0,3
28.0,34.0,0.0,3
28.0,35.0,0.0,3
29.0,34.0,0.0,3
29.0,35.0,0.0,3
30.0,17.0,0.0,3
30.0,33.0,0.0,3
30.0,34.0,0.0,3
30.0,35.0,0.0,3
31.0,15.0,0.0,3
31.0,16.0,0.0,3
31.0,17.0,0.0,3
31.0,26.0,0.0,3
31.0,32.0,0.0,3
31.0,33.0,0.0,3
31.0,34.0,0.0,3
31.0,35.0,0.0,3
32.0,12.0,0.0,3
32.0,15.0,0.0,3
32.0,17.0,0.0,3
32.0,25.0,0.0,3
32.0,26.0,0.0,3
32.0,31.0,0.0,3
32.0,32.0,0.0,3
33.0,12.0,0.0,3
33.0,17.0,0.0,3
33.0,24.0,0.0,3
33.0,25.0,0.0,3
33.0,26.0,0.0,3
33.0,31.0,0.0,3
33.0,32.0,0.0,3
33.0,36.0,0.0,3
35.0,35.0,0.0,4
